question_id,category,model,manual_grade
corta_038,corta,Qwen2.5-32B,B
corta_038,corta,Llama3.3-70B,B
corta_038,corta,DeepSeek-R1-Distill-Qwen-32B,B
corta_006,corta,Qwen2.5-32B,B
corta_006,corta,Llama3.3-70B,B
corta_006,corta,DeepSeek-R1-Distill-Qwen-32B,B
corta_057,corta,Qwen2.5-32B,B
corta_057,corta,Llama3.3-70B,B
corta_057,corta,DeepSeek-R1-Distill-Qwen-32B,B
corta_031,corta,Qwen2.5-32B,B
corta_031,corta,Llama3.3-70B,B
corta_031,corta,DeepSeek-R1-Distill-Qwen-32B,B
corta_020,corta,Qwen2.5-32B,B
corta_020,corta,Llama3.3-70B,B
corta_020,corta,DeepSeek-R1-Distill-Qwen-32B,B
corta_036,corta,Qwen2.5-32B,B
corta_036,corta,Llama3.3-70B,B
corta_036,corta,DeepSeek-R1-Distill-Qwen-32B,B
corta_012,corta,Qwen2.5-32B,B
corta_012,corta,Llama3.3-70B,B
corta_012,corta,DeepSeek-R1-Distill-Qwen-32B,B
corta_092,corta,Qwen2.5-32B,B
corta_092,corta,Llama3.3-70B,B
corta_092,corta,DeepSeek-R1-Distill-Qwen-32B,B
corta_028,corta,Qwen2.5-32B,B
corta_028,corta,Llama3.3-70B,B
corta_028,corta,DeepSeek-R1-Distill-Qwen-32B,B
corta_096,corta,Qwen2.5-32B,B
corta_096,corta,Llama3.3-70B,B
corta_096,corta,DeepSeek-R1-Distill-Qwen-32B,B
abierta_087,abierta,Qwen2.5-32B,M
abierta_087,abierta,Llama3.3-70B,M
abierta_087,abierta,DeepSeek-R1-Distill-Qwen-32B,M
abierta_091,abierta,Qwen2.5-32B,M
abierta_091,abierta,Llama3.3-70B,M
abierta_091,abierta,DeepSeek-R1-Distill-Qwen-32B,M
abierta_028,abierta,Qwen2.5-32B,P
abierta_028,abierta,Llama3.3-70B,B
abierta_028,abierta,DeepSeek-R1-Distill-Qwen-32B,B
abierta_053,abierta,Qwen2.5-32B,M
abierta_053,abierta,Llama3.3-70B,P
abierta_053,abierta,DeepSeek-R1-Distill-Qwen-32B,M
abierta_016,abierta,Qwen2.5-32B,B
abierta_016,abierta,Llama3.3-70B,B
abierta_016,abierta,DeepSeek-R1-Distill-Qwen-32B,P
abierta_095,abierta,Qwen2.5-32B,B
abierta_095,abierta,Llama3.3-70B,B
abierta_095,abierta,DeepSeek-R1-Distill-Qwen-32B,B
abierta_096,abierta,Qwen2.5-32B,P
abierta_096,abierta,Llama3.3-70B,B
abierta_096,abierta,DeepSeek-R1-Distill-Qwen-32B,B
abierta_060,abierta,Qwen2.5-32B,B
abierta_060,abierta,Llama3.3-70B,B
abierta_060,abierta,DeepSeek-R1-Distill-Qwen-32B,B
abierta_004,abierta,Qwen2.5-32B,P
abierta_004,abierta,Llama3.3-70B,B
abierta_004,abierta,DeepSeek-R1-Distill-Qwen-32B,B
abierta_052,abierta,Qwen2.5-32B,B
abierta_052,abierta,Llama3.3-70B,B
abierta_052,abierta,DeepSeek-R1-Distill-Qwen-32B,B
