question_id,category,question,ground_truth,source_document,page_or_section,authoritative_evidence
corta_038,corta,¿Qué indicador antropométrico se utiliza para clasificar el estado nutricional en niños mayores de 5 años?,Se utilizan los indicadores de Índice de Masa Corporal (IMC) y Talla para Edad (T/E).,Manual-operativo-Evaluacion-estado-nutricional-2019.pdf; DVS_norma_nacional_uso_graficas_antropometricas_valoracion_nutriciol_0-19_2017.pdf; Procedimiento_Atencin_Interdisciplinaria_Malnutricin_Versin_02_2020.pdf,Manual-operativo-Evaluacion-estado-nutricional-2019.pdf: Página 8 de 48; DVS_norma_nacional_uso_graficas_antropometricas_valoracion_nutriciol_0-19_2017.pdf: Página 2; Procedimiento_Atencin_Interdisciplinaria_Malnutricin_Versin_02_2020.pdf: Página 66 de 140,"""Para igual o mayores de 5 años (≥5 años): Se requiere la información de los indicadores IMC (Índice de Masa Corporal) y T/E (Talla para edad)."""
corta_006,corta,¿Con qué frecuencia mínima debe reunirse el equipo interdisciplinario de una Oficina Local para el análisis de casos activos?,El equipo debe realizar sesiones de análisis de casos para el seguimiento oportuno al menos una vez al mes en cada Oficina Local.,Procedimiento_Atencin_Interdisciplinaria_Malnutricin_Versin_02_2020.pdf,Página 19 de 140 (Sección 2.3 Factor f) y Página 28 de 140 (Tarea 15),"""Sesiones de análisis interdisciplinario de casos para el seguimiento oportuno y acorde a la prioridad de cada caso, efectuadas al menos una vez al mes, en cada Oficina Local."""
corta_057,corta,¿Qué dato antropométrico es indispensable para que el programa Anthro sume o reste 0.7 cm automáticamente?,"Es indispensable indicar si la medición fue realizada acostado o de pie, además de la edad exacta del niño.",Procedimiento_Atencin_Interdisciplinaria_Malnutricin_Versin_02_2020.pdf; Manual-operativo-Evaluacion-estado-nutricional-2019.pdf,Procedimiento_Atencin_Interdisciplinaria_Malnutricin_Versin_02_2020.pdf: Páginas 66 y 81 de 140; Manual-operativo-Evaluacion-estado-nutricional-2019.pdf: Página 13 de 48,"""Medición: Marque con una X en el paréntesis correspondiente si el niño o niña fue medido acostado o de pie. Recuerde que esta información es importante, dado que al registrar los datos en el programa Anthro este automáticamente suma o resta los 0.7 cm. dependiendo de cómo se haya evaluado el menor."""
corta_031,corta,Cite el nombre de la norma identificada con el código NUT-EN-N-01.,El nombre de la norma es Norma para Educación Alimentaria Nutricional.,Normas-sustantivas-CEN-CINAI-30-09-2021.pdf,"Páginas 3, 10 y 14 de 20","""NUT-EN-N-01 Norma para Educación Alimentaria Nutricional"""
corta_020,corta,¿Quién es el responsable de brindar acompañamiento técnico y modelaje para asegurar la calidad de la toma de datos en los establecimientos locales?,Las personas profesionales integrantes del equipo interdisciplinario de cada Oficina Local son las responsables directas de brindar este acompañamiento técnico y modelaje al personal de los establecimientos.,Procedimiento_Vigilancia_Crecimientoydesarrollo_intrayextramurosUIVCD.pdf,"Páginas 7, 36 y 39 de 45 (Sección 2.3 Factores de éxito, inciso b y Cuadro 1)","""Personas funcionarias del nivel local con claridad en su rol en el acompañamiento técnico y modelaje que asegure la calidad en la toma de datos del crecimiento y desarrollo..."" / ""Acompañamiento técnico y modelaje: Equipo de profesionales de atención interdisciplinaria de la Oficina Local..."""
corta_036,corta,¿A qué grupo de edad se le aplica la Evaluación del Desarrollo del Escolar (EVADE)?,"Se aplica a niñas, niños y adolescentes en el rango de edad de 6 a 14 años.",Procedimiento_Vigilancia_Crecimientoydesarrollo_intrayextramurosUIVCD.pdf; SISVENDIS-2023.pdf; Procedimiento_Atencin_Interdisciplinaria_Malnutricin_Versin_02_2020.pdf,Procedimiento_Vigilancia_Crecimientoydesarrollo_intrayextramurosUIVCD.pdf: Página 22 de 45; SISVENDIS-2023.pdf: Páginas 32 y 78 de 79; Procedimiento_Atencin_Interdisciplinaria_Malnutricin_Versin_02_2020.pdf: Página 16 de 140,"""Prueba general para la evaluación del desarrollo de niños, niñas y adolescentes de 6 a 14 años de edad (EVADE)"""
corta_012,corta,¿Cuál es el plazo máximo para que un funcionario realice la referencia a la Oficina Local tras detectar un riesgo en el crecimiento o desarrollo?,El procedimiento establece que la referencia debe ser permanente toda vez que se detecte un caso con malnutrición o rezago en su desarrollo.,Procedimiento_Vigilancia_Crecimientoydesarrollo_intrayextramurosUIVCD.pdf,Página 36 de 45 (Sección 3.2 Segunda Disposición),"""...detecta alguna necesidad o problema en el crecimiento, desarrollo, condición de salud o riesgo social de la niña o niño, deberá en el plazo máximo de cinco días hábiles hacer la referencia respectiva a la Jefatura de Oficina Local..."""
corta_092,corta,¿Qué características antropométricas y de desarrollo definen la asignación de la Prioridad 3 en un caso?,Se asigna a menores con malnutrición que presentan un desarrollo adecuado (Verde) y no tienen factores de riesgo social identificados.,Procedimiento_Atencin_Interdisciplinaria_Malnutricin_Versin_02_2020.pdf,"Páginas 39 de 140, 43 de 140 y 45 de 140 (Grupos F e I)","""Grupo F Menores de 5 años - Prioridad 3... Condición de malnutrición... No se identifican indicadores de riesgo a nivel individual, familiar o comunitario... Nivel del desarrollo: Resultado adecuado (Verde)."""
corta_028,corta,"¿Qué herramienta de software específica se requiere para que funcione la ""Herramienta para el seguimiento interdisciplinario""?","Se requiere Microsoft Excel, versión 2010 en adelante.",Procedimiento_Atencin_Interdisciplinaria_Malnutricin_Versin_02_2020.pdf,Página 89 de 140 (Anexo 5),"""...es una herramienta que funciona en Excel 2010 en adelante."""
corta_040,corta,"Según el Anexo 8, ¿cómo debe estar el foliado de un expediente de atención interdisciplinaria?",El expediente debe estar debidamente foliado para garantizar el orden administrativo y la seguridad de la documentación física bajo custodia.,Procedimiento_Atencin_Interdisciplinaria_Malnutricin_Versin_02_2020.pdf,"Página 122 de 140 (Anexo 8, numeral 3)","""3. Todo expediente deberá estar foliado."""
abierta_087,abierta,"Describa el procedimiento técnico de corrección de datos que debe realizar el equipo interdisciplinario cuando la herramienta de Excel arroja errores de cálculo tipo ""¡VALOR!"" o ""REFF!"".","Ante la aparición de estos errores, el equipo debe aplicar una guía de revisión de calidad para identificar la entrada de datos que invalida las fórmulas de Excel. El primer paso es verificar que las fechas de evaluación tengan el formato dd/mm/aaaa y que las edades coincidan cronológicamente con la fecha de nacimiento. Seguidamente, se debe revisar si se ingresaron caracteres no numéricos en campos de peso o talla, o si existen celdas vacías en columnas obligatorias para el cálculo de puntajes Z. Una vez localizado el error, el dato debe corregirse en la herramienta digital y marcarse la casilla de ""digitado"" en el expediente físico para asegurar que la información consolidada sea íntegra y veraz.",Procedimiento_Atencin_Interdisciplinaria_Malnutricin_Versin_02_2020.pdf,Páginas 89-94 de 140 (Anexo 5),"""Anexo 5. Guía de revisión de calidad de la herramienta... Revisar datos extremos, no congruentes... Garantizar que no existan seguimientos vacíos... errores de fórmula..."""
abierta_091,abierta,"Explique el manejo administrativo y técnico de un niño con estatus migratorio ""indocumentado"" dentro del sistema de vigilancia, detallando cómo se registra su información sin vulnerar su derecho a la atención.","CEN-CINAI garantiza la atención integral de toda persona menor de edad independientemente de su condición migratoria, fundamentado en el enfoque de derechos de la niñez. Administrativamente, la herramienta digital permite ingresar la palabra ""indocumentado"" o códigos alfanuméricos provisionales en el campo de identificación para no bloquear el proceso de ingreso. Técnicamente, el niño recibe todos los tamizajes de crecimiento, desarrollo y salud bajo el mismo protocolo que un beneficiario con documentos nacionales. Esta práctica asegura que la vigilancia epidemiológica institucional sea inclusiva y que el menor reciba los servicios de nutrición y protección necesarios mientras se regulariza su situación jurídica en el país.",Procedimiento_Atencin_Interdisciplinaria_Malnutricin_Versin_02_2020.pdf; Normas-sustantivas-CEN-CINAI-30-09-2021.pdf; SISVENDIS-2023.pdf,"Procedimiento_Atencin_Interdisciplinaria_Malnutricin_Versin_02_2020.pdf: Páginas 64, 90-91 de 140; Normas-sustantivas-CEN-CINAI-30-09-2021.pdf: Página 10 de 20; SISVENDIS-2023.pdf: Página 36 de 79","""Si la persona no posee ningún tipo de documento, anote la palabra sin documentos en este espacio."" / ""Identificación: Filtro Pueden ser datos numéricos, alfanuméricos, indocumentado."" / ""Todas las niñas, niños... en condición de pobreza o riesgo social se le aplicará el estudio de selección..."""
abierta_028,abierta,"Compare los objetivos de la modalidad ""Intramuros"" (API-EC-N-01) y ""Extramuros"" (API-EX-N-07) respecto a la promoción del crecimiento y desarrollo.","La modalidad intramuros ofrece una atención diaria y sistemática que permite tamizajes frecuentes, incluyendo odontogramas trimestrales y evaluaciones cualitativas constantes. En contraste, la modalidad extramuros se enfoca en niños que no asisten diariamente, priorizando la vigilancia del crecimiento anual y la distribución de suplementos como la leche. Ambas modalidades comparten el objetivo de detectar riesgos tempranos mediante técnicas antropométricas y la prueba EDIN II. No obstante, intramuros permite una intervención interdisciplinaria más directa y un monitoreo más estrecho de los hitos del desarrollo.",Normas-sustantivas-CEN-CINAI-30-09-2021.pdf,"Páginas 10, 15 y 16 de 20","""API-EC-N-01... Es la Atención y Protección Cotidiana a los niños y las niñas, en espacios sanos, seguros y estimulantes... API-EX-N-07... consiste en acciones educativas que promueven habilidades y competencias sociales para la promoción del crecimiento y desarrollo..."""
abierta_053,abierta,Describa los elementos que deben ser revisados periódicamente por la Jefatura de Oficina Local en la herramienta de Excel para garantizar su veracidad.,"La jefatura debe verificar que los datos personales como nombre, sexo y número de expediente estén correctamente ingresados y coincidan con el formato alfanumérico permitido. Es indispensable revisar que las fechas de evaluación nutricional y de desarrollo sigan el formato dd/mm/aaaa y no presenten valores extremos o incongruentes. También debe supervisar que las clasificaciones nutricionales y del desarrollo (como NL, DES, Verde, Rojo) correspondan fielmente a los resultados obtenidos en los tamizajes físicos. Un elemento crítico es la identificación y corrección de errores de fórmulas como ""#¡VALOR!"" o ""#REF!"", que invalidan el procesamiento regional de los datos. Finalmente, la revisión debe incluir el control del ""año de protección"" para los beneficiarios del servicio DAF que ya han recuperado su estado nutricional normal.",Procedimiento_Atencin_Interdisciplinaria_Malnutricin_Versin_02_2020.pdf,"Páginas 33-34, 89-94 de 140 (Anexo 5)","""Para la revisión de la calidad de los datos de la herramienta... se utiliza la Guía de revisión de calidad... Filtro... Revisar datos extremos, no congruentes..."""
abierta_016,abierta,Describa la relación entre los 10 elementos del modelo SISVENDIS y el objetivo institucional de mejorar la toma de decisiones basada en evidencia.,"Los elementos del SISVENDIS (que incluyen recursos, tamizajes, procesamiento y análisis de datos) están diseñados para crear un sistema de información veraz y continuo. Al sistematizar la recolección de datos desde el nivel local hasta el nacional, la institución garantiza que las decisiones gerenciales, como la asignación de presupuestos o la actualización de normas, se basen en resultados reales de salud y desarrollo infantil. Esto permite observar tendencias de recuperación y evaluar la efectividad de los servicios de CEN-CINAI en la mejora de la calidad de vida de los niños.",SISVENDIS-2023.pdf,Páginas 26 y 40-44 de 79 (Sección A. Elementos del Modelo Operativo),"""10. Uso de información: promueve el adecuado, oportuno y pertinente uso de la información disponible para las propuestas de mejora en las modalidades de atención... para asegurar la toma de decisiones con evidencia."""
abierta_073,abierta,Describa las tareas del profesional en Nutrición de la Oficina Local en el acompañamiento técnico del personal ASSC.,"El nutricionista de la Oficina Local tiene la tarea primordial de brindar modelaje y asesoría en sitio al personal ASSC para asegurar la técnica correcta en la toma de peso y talla. Supervisa periódicamente que los equipos antropométricos estén debidamente calibrados y en condiciones óptimas para el uso diario. Asimismo, acompaña en la interpretación de las gráficas de crecimiento para evitar errores en el ploteo de puntos y en la identificación de tendencias negativas. El profesional también capacita al personal asistente en el manejo del software Anthro para la verificación de casos complejos y en el llenado correcto de los instrumentos de detección inicial. Estas tareas de acompañamiento técnico garantizan que la vigilancia nutricional en los establecimientos mantenga los estándares de calidad exigidos por la Dirección Nacional.",Procedimiento_Vigilancia_Crecimientoydesarrollo_intrayextramurosUIVCD.pdf; Procedimiento_Atencin_Interdisciplinaria_Malnutricin_Versin_02_2020.pdf,"Procedimiento_Vigilancia_Crecimientoydesarrollo_intrayextramurosUIVCD.pdf: Páginas 22, 35 y 39 de 45; Procedimiento_Atencin_Interdisciplinaria_Malnutricin_Versin_02_2020.pdf: Páginas 66 y 81 de 140","""Oficina Local acompañamiento técnico: Nutrición... Identificación del caso: ASSC3, ASSC2, Profesional de establecimiento. Clasificación nutricional: Profesional de Oficina Local [Nutrición]..."""
abierta_096,abierta,Analice el impacto de la lactancia materna exclusiva frente al destete antes de los 12 meses en la clasificación del riesgo individual de un niño dentro del instrumento de detección inicial.,"El instrumento de detección clasifica la lactancia materna exclusiva como un factor protector fundamental, cuyo tiempo de duración debe registrarse en meses para interpretar la historia nutricional del menor. Por el contrario, el destete antes de los 12 meses se cataloga como un indicador de riesgo individual crítico que el personal debe marcar con una ""X"" en el expediente. Este dato impacta la clasificación de los grupos de riesgo, ya que una práctica de lactancia limitada se asocia técnicamente con la aparición de baja talla y desnutrición crónica. Al integrar esta información, el equipo interdisciplinario puede elevar la prioridad del caso, entendiendo que el entorno biológico inicial del niño presenta una vulnerabilidad que requiere estrategias de educación alimentaria reforzadas para la familia.",Procedimiento_Atencin_Interdisciplinaria_Malnutricin_Versin_02_2020.pdf; Manual-operativo-Evaluacion-estado-nutricional-2019.pdf,"Procedimiento_Atencin_Interdisciplinaria_Malnutricin_Versin_02_2020.pdf: Páginas 40, 42, 63, 67, 92-93 de 140; Manual-operativo-Evaluacion-estado-nutricional-2019.pdf: Páginas 8-11 de 48","""Individual: Bajo peso al nacer, edad gestacional, presencia de enfermedad, ausencia de lactancia materna o destete antes de los 12 meses de edad."" / ""Destete antes de los 12 meses de edad: Anote una X... Implica una posible práctica de lactancia materna limitada..."""
abierta_060,abierta,"Explique cómo el Manual EDIN II define el ""Rezago en el desarrollo"" y cómo se diferencia del ""Riesgo de retraso"".","El manual define el ""rezago"" (identificado con el color amarillo) como una condición donde el niño o niña no ha alcanzado los hitos esperados para su edad actual, pero sí cumple con los de la edad inmediata anterior. Por su parte, el ""riesgo de retraso"" (color rojo) ocurre cuando el menor presenta resultados bajos en tres o más niveles según su edad o no logra cumplir ni siquiera con las conductas de la edad anterior. La diferencia operativa es fundamental: el rezago suele manejarse con un plan de estimulación reforzado en el establecimiento y el hogar, mientras que el riesgo de retraso activa una alerta de prioridad máxima que puede requerir referencia a la CCSS. Ambas condiciones son monitoreadas por el equipo interdisciplinario, pero el riesgo de retraso implica una vulnerabilidad mayor que compromete el potencial integral del niño.",Manual-EDIN-II-final-2020.pdf; SISVENDIS-2023.pdf; Procedimiento_Atencin_Interdisciplinaria_Malnutricin_Versin_02_2020.pdf,Manual-EDIN-II-final-2020.pdf: Página 7 de 331; SISVENDIS-2023.pdf: Páginas 78-79 de 79; Procedimiento_Atencin_Interdisciplinaria_Malnutricin_Versin_02_2020.pdf: Página 52 de 140,"""Rezago en el desarrollo: la niña o el niño no cumple con las conductas esperadas... pero no se considera un retraso significativo porque logra las conductas de la edad anterior. Riesgo de retraso del desarrollo: ...se considera un retraso significativo porque no logra las conductas de la edad anterior."""
abierta_004,abierta,"Analice cómo el procedimiento integra factores de riesgo social (violencia intrafamiliar, pobreza, drogas) junto con los criterios antropométricos para definir la prioridad de atención de un caso.","El procedimiento utiliza un enfoque integral donde el riesgo social puede elevar la prioridad de atención independientemente del estado nutricional; por ejemplo, los Grupos B, E y H se clasifican como Prioridad 1 o 2 si presentan indicadores antropométricos de malnutrición acompañados de ""presencia significativa"" de riesgos sociales como violencia, alcoholismo o pobreza extrema. Esta integración permite que el equipo interdisciplinario focalice recursos en casos donde el entorno familiar o comunitario compromete la viabilidad de la recuperación física del menor.",Procedimiento_Atencin_Interdisciplinaria_Malnutricin_Versin_02_2020.pdf,"Páginas 23, 39-46, 68 y 93 de 140","""...el equipo de profesionales define de manera conjunta y colaborativa, el nivel de prioridad de cada caso, considerando aspectos de salud, estado nutricional, nivel del desarrollo, datos del grupo familiar, riesgo social, entre otros determinantes sociales de la salud..."""
abierta_052,abierta,Analice por qué el personal debe solicitar a los niños que se quiten objetos de los bolsillos antes del pesaje y cómo esto afecta la calidad del dato.,"El personal debe solicitar el retiro de objetos como monedas, llaves o juguetes pequeños para asegurar que la medición refleje únicamente la masa corporal real del niño. Esta acción es fundamental para evitar sesgos sistemáticos en el pesaje que podrían llevar a clasificaciones erróneas del estado nutricional, como un falso sobrepeso. La calidad del dato antropométrico depende de la rigurosidad técnica, y cualquier peso adicional no biológico altera el cálculo exacto de los puntajes Z. Un registro inexacto compromete la vigilancia epidemiológica y puede derivar en intervenciones interdisciplinarias innecesarias o en el descuido de riesgos reales. Por lo tanto, esta preparación previa es un paso obligatorio descrito en los manuales para garantizar la veracidad de la información en el expediente.",Manual-operativo-Evaluacion-estado-nutricional-2019.pdf; Procedimiento_Atencin_Interdisciplinaria_Malnutricin_Versin_02_2020.pdf,Manual-operativo-Evaluacion-estado-nutricional-2019.pdf: Páginas 5 y 28 de 48; Procedimiento_Atencin_Interdisciplinaria_Malnutricin_Versin_02_2020.pdf: Páginas 89-94 de 140,"""...revisen los bolsillos de sus ropas y saquen cualquier objeto que porte como piedras, bolinchas, trompos etc., indíqueles un lugar seguro donde colocarlas..."""
