question_id,categoria,pregunta,ground_truth,best_hit_rank
sino_093,sino,¿El profesional en nutrición es quien llena los datos de salud individual en el seguimiento?,No,1
sino_015,sino,¿Se aplica el tamizaje de agudeza auditiva (prueba de tarjetas) a todos los niños sin importar su edad?,No,3
sino_055,sino,¿El Anexo 8 prohíbe las anotaciones especializadas fuera del expediente interdisciplinario?,No,2
sino_097,sino,¿La norma PCD-GF-N-01 busca desarrollar competencias parentales?,Sí,5
sino_095,sino,"¿El EDIN II evalúa el área ""Socioafectiva""?",Sí,1
sino_040,sino,"¿El resultado ""Global Rojo"" en EDIN II implica un riesgo de retraso en el desarrollo?",Sí,2
sino_044,sino,¿La norma de asistencia técnica responde a necesidades identificadas por los funcionarios?,Sí,4
sino_050,sino,¿Se aplican las curvas de Fenton para niños prematuros hasta las 50 semanas gestacionales?,Sí,4
sino_060,sino,¿El EDIN II fue validado por la Escuela de Enfermería de la UCR?,Sí,1
sino_092,sino,¿La Prioridad 3 se asigna a niños con estado nutricional normal pero riesgo social alto?,No,1
corta_011,corta,¿Cuáles son las cinco áreas del desarrollo que evalúa la prueba EDIN II según el procedimiento de vigilancia?,"Motora gruesa, motora fina, socioafectiva, lenguaje y cognoscitiva.",1
corta_023,corta,Mencione el código de la norma que regula específicamente la Selección de clientes y beneficiarias.,El código de la norma es SC-N-01.,1
corta_005,corta,"¿Qué debe hacer el equipo interdisciplinario si, después de tres meses de aplicar estrategias, un niño o niña no logra superar el rezago identificado en el nivel de desarrollo (resultado amarillo)?","El equipo interdisciplinario debe actualizar la estrategia de abordaje y el plan de estimulación, registrando el nuevo seguimiento en la herramienta respectiva.",1
corta_028,corta,"¿Qué herramienta de software específica se requiere para que funcione la ""Herramienta para el seguimiento interdisciplinario""?","Se requiere Microsoft Excel, versión 2010 en adelante.",1
corta_014,corta,Mencione tres tipos de objetos que el personal debe pedir a los niños que saquen de sus bolsillos antes de pesarlos.,"Piedras, bolinchas (canicas) y trompos, entre otros objetos que puedan alterar el peso.",2
corta_012,corta,¿Cuál es el plazo máximo para que un funcionario realice la referencia a la Oficina Local tras detectar un riesgo en el crecimiento o desarrollo?,El procedimiento establece que la referencia debe ser permanente toda vez que se detecte un caso con malnutrición o rezago en su desarrollo.,1
corta_076,corta,¿Cuál es la finalidad principal de la prueba EDIN II dentro del sistema de vigilancia?,"Funciona como un instrumento de tamizaje rápido para detectar tempranamente riesgos en el desarrollo integral, no para el diagnóstico clínico de patologías.",1
corta_029,corta,¿Cuáles son las dos unidades que integran la Dirección Técnica encargadas de la evaluación de la Norma de Selección?,Las unidades encargadas son la Unidad de Normalización y Asistencia Técnica (UNAT) y la Unidad de Investigación y Vigilancia del Crecimiento y Desarrollo (UIVCD).,1
corta_049,corta,¿Quién autoriza oficialmente las Normas Técnicas Sustantivas de la Dirección Nacional?,La Dirección Nacional de CEN-CINAI otorga el aval oficial y la autorización para la vigencia de las normas.,1
corta_058,corta,¿Qué debe hacer el equipo si el rezago (amarillo) persiste tras tres meses de estrategias?,"El equipo debe actualizar el plan de atención y la estrategia de estimulación, y si no hay mejoría, valorar la referencia a servicios de salud externos.",1
abierta_084,abierta,"Compare las definiciones de ""Asesoría Técnica"" y ""Asistencia Técnica"" según el modelo operativo SISVENDIS, explicando cómo cada una apoya el fortalecimiento de capacidades en el nivel local.","La Asistencia Técnica se define como un proceso continuo y participativo de acompañamiento y modelaje directo al personal que ejecuta los tamizajes en los establecimientos para asegurar la calidad del dato. Por otro lado, la Asesoría Técnica tiene un carácter más consultivo y gerencial, enfocándose en la resolución de problemas específicos de implementación o interpretación de normas que surgen en el nivel local. Mientras la asistencia fortalece las destrezas operativas diarias del ASSC3/2, la asesoría apoya al equipo interdisciplinario en la toma de decisiones estratégicas basadas en los informes regionales. Ambas funciones son esenciales para mantener la estandarización técnica exigida por la Dirección Nacional.",1
abierta_076,abierta,"Describa el uso de la ""Dona"" y el ""Sonajero"" en la evaluación de la motora fina en lactantes.","Estos materiales estandarizados son fundamentales en la aplicación de la prueba EDIN II para evaluar la coordinación óculo-manual y el agarre en los primeros meses de vida. El sonajero se utiliza para observar si el lactante dirige su mano hacia un objeto sonoro, demostrando intención y control motor; mientras que la dona bicolor (negra con blanco) sirve para evaluar el tipo de prensión, ya sea palmar o de pinza fina, según la edad. El evaluador debe presentar los objetos a una distancia específica para provocar la respuesta motora y registrar si el niño logra alcanzar, sostener o transferir el objeto de una mano a otra. Estos estímulos sensoriales permiten detectar rezagos tempranos en la maduración del sistema nervioso central vinculados a la motora fina.",1
abierta_044,abierta,"Describa los criterios para considerar que un hogar tiene una ""adecuada disposición de desechos sólidos"" según las definiciones técnicas vigentes.","Se considera inadecuada la disposición si el hogar quema la basura, la entierra, la lanza a lotes baldíos o a cuerpos de agua como ríos y quebradas. Un criterio de excepción es la zona rural, donde enterrar la basura no se contabiliza técnicamente como una privación del servicio. Lo ideal es el acceso a la recolección municipal periódica o el traslado a centros de acopio autorizados. Este determinante ambiental es vigilado porque las malas prácticas de higiene en el entorno familiar elevan el riesgo de enfermedades infecciosas que afectan la nutrición.",1
abierta_002,abierta,"Compare el proceso de atención de un niño o niña del Grupo F (menores de 5 años) frente a uno del Grupo H (mayores de 5 años, prioridad 2) — ¿qué elementos de valoración cambian y por qué?","La principal diferencia radica en los indicadores técnicos y las herramientas de tamizaje según la etapa del ciclo vital: para el Grupo F (<5 años) se utilizan los indicadores Peso/Edad, Peso/Talla y Talla/Edad junto con la prueba EDIN II. Para el Grupo H (>5 años), el indicador Peso/Talla es sustituido obligatoriamente por el Índice de Masa Corporal (IMC) y se aplica la prueba EVADE en lugar del EDIN. Este cambio responde a que los patrones de crecimiento y los hitos del desarrollo esperados varían significativamente al entrar en la etapa escolar.",1
abierta_024,abierta,"Describa el proceso de traslado de un expediente de atención interdisciplinaria entre oficinas locales, incluyendo la gestión de datos en la herramienta digital.","El profesional responsable debe registrar el traslado en el apartado de observaciones del expediente físico, detallando la fecha y la oficina de destino. Es obligatorio que el funcionario de origen contacte a su homólogo en la oficina receptora para transferir información sensible y asegurar la continuidad del plan de atención. En la herramienta digital Excel, se debe actualizar la condición del caso para reflejar el egreso administrativo por traslado. Todos los instrumentos originales de seguimiento deben enviarse foliados y completos para garantizar la seguridad de la información del menor.",1
abierta_096,abierta,Analice el impacto de la lactancia materna exclusiva frente al destete antes de los 12 meses en la clasificación del riesgo individual de un niño dentro del instrumento de detección inicial.,"El instrumento de detección clasifica la lactancia materna exclusiva como un factor protector fundamental, cuyo tiempo de duración debe registrarse en meses para interpretar la historia nutricional del menor. Por el contrario, el destete antes de los 12 meses se cataloga como un indicador de riesgo individual crítico que el personal debe marcar con una ""X"" en el expediente. Este dato impacta la clasificación de los grupos de riesgo, ya que una práctica de lactancia limitada se asocia técnicamente con la aparición de baja talla y desnutrición crónica. Al integrar esta información, el equipo interdisciplinario puede elevar la prioridad del caso, entendiendo que el entorno biológico inicial del niño presenta una vulnerabilidad que requiere estrategias de educación alimentaria reforzadas para la familia.",1
abierta_050,abierta,Describa el proceso de evaluación del nivel de desarrollo para un escolar (EVADE) y cómo se diferencia el puntaje de 1 punto con y sin logro de la edad anterior.,"El proceso inicia con la aplicación de la prueba EVADE a niños y niñas mayores de 6 años, evaluando áreas como motora fina, motora gruesa, lenguaje, cognitiva y socioafectiva. Un puntaje de 1 punto se obtiene cuando el niño logra realizar solo algunas de las conductas esperadas para su rango de edad actual. La diferencia técnica fundamental es que, si el niño obtiene 1 punto pero ha logrado satisfactoriamente todos los hitos de la edad cronológica anterior, se considera un ""rezago"" que requiere un plan de estimulación local. Sin embargo, si el niño obtiene 1 punto (o 0) y además no ha cumplido con los hitos de la edad anterior, se clasifica como Prioridad 1 debido al alto riesgo de retraso en el desarrollo. Esta distinción es crítica para que el equipo interdisciplinario determine si el caso debe ser referido de inmediato a especialistas externos o manejado internamente.",1
abierta_021,abierta,Explique el procedimiento paso a paso para realizar el cálculo de la edad corregida en un niño prematuro según el Manual EDIN II.,"El proceso inicia restando la edad gestacional del niño (en semanas) a las 40 semanas que representan un embarazo a término para obtener las semanas de prematurez. Posteriormente, estas semanas deben restarse a la edad cronológica actual del niño al momento de la evaluación. Este ajuste técnico es obligatorio para la aplicación de la prueba EDIN II en menores de 2 años y para la valoración nutricional en menores de 3 años y 4 meses. El resultado final debe registrarse en los instrumentos oficiales utilizando las iniciales ""EC"" para diferenciarlo de la edad cronológica.",2
abierta_027,abierta,"Explique la importancia de las ""Líneas de Tendencia"" en la herramienta de seguimiento y qué acciones debe tomar el equipo ante una tendencia negativa.","Las líneas de tendencia permiten visualizar la velocidad y dirección del crecimiento del niño al unir puntos de mediciones sucesivas en las gráficas. Una tendencia negativa, representada por una línea plana o descendente, es una señal de alerta temprana que indica un estancamiento en el desarrollo. Ante este hallazgo, el equipo interdisciplinario debe sesionar de forma inmediata para revisar y ajustar las estrategias de estimulación y el plan alimentario. Esta herramienta es crucial para tomar decisiones preventivas antes de que el niño caiga en rangos de malnutrición severa.",1
abierta_093,abierta,"Analice la relación jerárquica entre el Diagnóstico de Establecimiento (DISSEN) y el Análisis de Situación (ASSISEN), explicando cómo la información local se transforma en insumo para la toma de decisiones nacional.","El DISSEN funciona como la base de la pirámide informativa, recolectando variables socioeconómicas, de salud y nutrición de los niños en cada establecimiento específico. Estos diagnósticos locales son procesados y armonizados regionalmente para elaborar el ASSISEN Regional, el cual identifica tendencias y problemáticas epidemiológicas de un área geográfica mayor. Finalmente, los ASSISEN de todas las regiones se consolidan en el Análisis de Situación Nacional a cargo de la UIVCD. Esta estructura permite que una necesidad detectada en un CEN-CINAI rural se transforme en un insumo estadístico que justifica la creación de nuevas normas técnicas o la reasignación de presupuestos a nivel nacional.",3
