question_id,hit_at_1,hit_at_3,hit_at_5,best_k,evidence_found,justification,adjudication_method
sino_002,NO,NO,NO,,Incompleta,"El chunk recuperado (rank 2) menciona actividades de detección y referencia, pero no contiene la norma que faculta explícitamente a todo funcionario/a de CEN-CINAI para realizarlas.",strict semantic review against authoritative evidence
sino_007,YES,YES,YES,1,"""Niña o niño con resultado global rojo, dos veces al año y referencia al equipo interdisciplinario para su atención.""","En rank 1 se recupera la regla que indica que el resultado rojo requiere referencia al equipo interdisciplinario, no automáticamente a la CCSS.",strict semantic review against authoritative evidence
sino_010,NO,NO,NO,,Incompleta,"El chunk recuperado (rank 5) trata sobre la custodia de anotaciones especializadas e intimidad, pero omite la prohibición explícita de divulgar información confidencial a terceros.",strict semantic review against authoritative evidence
sino_012,YES,YES,YES,1,"""≥2 En la línea o superior a 2 DE Peso Alto... ≤-3 En la línea o inferior a 3 DE Bajo peso severo""",En rank 1 se recupera la tabla de interpretación que especifica que al caer sobre la línea ('En la línea') se clasifica en la categoría de mayor severidad.,strict semantic review against authoritative evidence
sino_017,NO,YES,YES,2,"""Niña o niño con estado nutricional normal en todos los indicadores una vez al año [Extramuros].""","En rank 2 se incluye la norma de periodicidad extramuros para niños normales, indicando que se evalúan una vez al año (no dos).",strict semantic review against authoritative evidence
sino_019,NO,YES,YES,2,"""...UIVCD Se elaboran tres informes de país y se mantiene los reportes por Oficina Local y por Dirección regional...""","En rank 2 se describe la elaboración de informes consolidados por nivel, evidenciando que la UIVCD trabaja con consolidados procesados y no recolecta boletas de papel directamente.",strict semantic review against authoritative evidence
sino_022,NO,YES,YES,3,"""...pretérmino (nacidos antes de las 37 semanas de gestión) y que son menores de 2 años, es importante realizar la corrección de la edad...""",En rank 3 se establece explícitamente que la corrección de edad para prematuros en EDIN II aplica solo en menores de 2 años.,strict semantic review against authoritative evidence
sino_026,YES,YES,YES,1,"""Primer y tercer trimestre ASSC2 Profesional de establecimiento ASSC3""",En rank 1 se norma la participación del ASSC2 como ejecutor responsable de aplicar instrumentos/tamizajes del procedimiento.,strict semantic review against authoritative evidence
sino_027,YES,YES,YES,1,"""La Jefatura de Oficina Local, es la persona responsable de conducir la ejecución de este procedimiento, mediante la divulgación, programación y monitoreo...""","En rank 1 se establece el rol de la Jefatura de Oficina Local en la conducción, programación y monitoreo de la ejecución del procedimiento.",strict semantic review against authoritative evidence
sino_031,YES,YES,YES,1,"""...incluye la última versión de la prueba, el instructivo para su implementación y los materiales estandarizados...""",En rank 1 se explicita que la prueba EDIN II incluye materiales estandarizados e instructivo para su aplicación.,strict semantic review against authoritative evidence
sino_034,YES,YES,YES,1,"""tranquilo, sin distracciones, silencioso y con buena iluminación.""","En rank 1 se especifica que el lugar de aplicación debe ser un espacio tranquilo, sin distracciones, silencioso y bien iluminado.",strict semantic review against authoritative evidence
sino_037,NO,YES,YES,2,"""El instrumento es responsabilidad de los miembros del equipo interdisciplinario...""","En rank 2 se aclara que la herramienta de seguimiento es responsabilidad del equipo interdisciplinario y personal asignado, no del personal de cocina.",strict semantic review against authoritative evidence
sino_039,NO,NO,NO,,Incompleta,"El chunk recuperado (rank 4) se enfoca en el traslado de expedientes entre sedes y custodia de notas, pero no incluye la indicación específica de registrar alergias alimentarias.",strict semantic review against authoritative evidence
sino_045,YES,YES,YES,1,"""Importante que no quede espacios en blanco sin asignación de servicio.""",En rank 1 se señala explícitamente la restricción de no dejar espacios en blanco en la columna de servicio asignado.,strict semantic review against authoritative evidence
sino_049,NO,NO,YES,5,"""S ello: Estampe el sello del establecimiento.""",En rank 5 se recupera la instrucción explícita de estampar el sello del establecimiento en el documento.,strict semantic review against authoritative evidence
sino_052,NO,NO,NO,,Incompleta,"El chunk recuperado (rank 5) se corta antes del título del Anexo 6, omitiendo la confirmación de que la bitácora de sesión interdisciplinaria sea un requerimiento de dicho anexo.",strict semantic review against authoritative evidence
sino_054,NO,YES,YES,2,"""*Destete antes de los 12 meses de edad: Si ( ) No ( ) SD ( ) *Este dato no se digita en la herramienta. Puede anotarse en observaciones...""","En rank 2 se incluye la casilla de registro del destete como un dato opcional/observación, demostrando que no constituye una práctica obligatoria.",strict semantic review against authoritative evidence
sino_056,NO,YES,YES,2,"""Consulta sobre diversidad alimentaria y frecuencia de consumo de alimentos frescos. En el primer y cuarto trimestre del año.""",En rank 2 se señala que la frecuencia de consumo de alimentos se consulta en el primer y cuarto trimestre del año (no sólo al ingreso).,strict semantic review against authoritative evidence
sino_061,NO,YES,YES,3,"""Considerar como insumo, factores de riesgo tales como: salud individual... datos del grupo familiar... riesgo social, violencia familiar, entre otros determinantes...""",En rank 3 se establece que los datos del grupo familiar y el riesgo social influyen en la determinación conjunta de la prioridad del caso.,strict semantic review against authoritative evidence
sino_062,YES,YES,YES,1,"""Circunferencia braquial ... Para conocer el estado nutricional ... para Síndrome de Down, acondroplasia y parálisis cerebral Infantil (PCI).""",En rank 1 se especifica el uso de la circunferencia braquial para evaluar el estado nutricional en niños con parálisis cerebral infantil (PCI).,strict semantic review against authoritative evidence
sino_063,YES,YES,YES,1,"""Se debe de observar el comportamiento de la línea trazada ... en el tiempo ...""",En rank 1 se indica que la tendencia evalúa el comportamiento de la línea trazada entre mediciones consecutivas en el tiempo.,strict semantic review against authoritative evidence
sino_067,NO,NO,YES,4,"""Lo anterior basado en lineamientos científicos vigentes como por ejemplo las Guías Alimentarias...""",En rank 4 se señala explícitamente que la norma NUT-EN-N-01 se fundamenta en lineamientos científicos como las Guías Alimentarias.,strict semantic review against authoritative evidence
sino_068,YES,YES,YES,1,"""EVADE Kit para la evaluación del desarrollo infantil en escolares...""",En rank 1 se especifica que las pruebas de desarrollo del lenguaje o escolares (EVADE) se aplican a poblaciones específicas y no de forma masiva universal.,strict semantic review against authoritative evidence
sino_069,NO,YES,YES,2,"""...impulsan el desarrollo de su potencial como sujeto integral de derechos... visión de la Dirección Nacional de CEN-CINAI...""",En rank 2 se articula expresamente la visión de CEN-CINAI con el enfoque de derechos de la niñez.,strict semantic review against authoritative evidence
sino_073,NO,NO,YES,4,"""...tales como: estado nutricional, nivel del desarrollo... agudeza visual, agudeza auditiva, salud oral...""",En rank 4 se menciona explícitamente la salud oral entre los tamizajes y áreas de vigilancia que integra el SISVENDIS.,strict semantic review against authoritative evidence
sino_078,NO,NO,NO,,Incompleta,"El chunk recuperado (rank 5) lista únicamente códigos de la herramienta de registro (BPS, DE, DES), pero omitió la norma de realizar seguimiento mínimo 4 veces al año en desnutrición severa.",strict semantic review against authoritative evidence
sino_082,YES,YES,YES,1,"""• Si el niño o niña tiene 2 años de edad o más y es capaz de pararse, mida la talla de pie...""",En rank 1 se norma que la medición de pie aplica para niños de 2 años o más capaces de mantenerse erguidos.,strict semantic review against authoritative evidence
sino_087,YES,YES,YES,1,"""En la bitácora de reunión de equipo interdisciplinario debe incluir al menos... registro de participantes, resumen de lo discutido, acuerdos, fecha de próxima reunión.""","En rank 1 se norman las secciones y contenidos propios de la bitácora de reunión, diferenciándola del expediente.",strict semantic review against authoritative evidence
sino_098,NO,NO,NO,,Incompleta,"El chunk recuperado (rank 5) define Talla para la Edad en términos generales, pero no incluye la regla obligatoria de analizarlo conjuntamente con el IMC en mayores de 5 años.",strict semantic review against authoritative evidence
corta_001,NO,YES,YES,3,"""a) Malnutrición por defecto o exceso en uno o más de los indicadores antropométricos: obesidad, sobrepeso, peso alto, desnutrición, desnutrición severa, baja talla o baja talla severa, bajo peso y bajo peso severo...""",En rank 3 se enumeran los criterios antropométricos por defecto o exceso que activan la referencia al equipo interdisciplinario.,strict semantic review against authoritative evidence
corta_002,YES,YES,YES,1,"""Las Oficinas Locales cuentan con un equipo de profesionales en las especialidades de Nutrición, Psicología, Educación Preescolar y Terapia de Lenguaje...""",En rank 1 se identifican las cuatro especialidades profesionales que integran el equipo interdisciplinario local.,strict semantic review against authoritative evidence
corta_003,NO,YES,YES,2,"""Al menos una vez al mes, en sesión de trabajo del equipo interdisciplinario, conforme progreso de casos con malnutrición.""",En rank 2 se establece la periodicidad mínima mensual para las sesiones de análisis y revisión de casos por el equipo.,strict semantic review against authoritative evidence
corta_007,NO,YES,YES,3,"""Marque con una equis para identificar si el caso: Se da de alta (el problema detectado se atendió y se resolvió), Tratamiento subsecuente (el niño requiere seguimiento en su abordaje terapéutico) o si Se refiere a otro nivel de atención.""","En rank 3 se detallan las tres opciones de decisión del seguimiento en la boleta de referencia: alta, tratamiento subsecuente o referencia a otro nivel.",strict semantic review against authoritative evidence
corta_009,NO,YES,YES,3,"""Área Técnica Regional: Elabora el consolidado de dirección regional y envía el consolidado al nivel nacional...""",En rank 3 se describe el flujo de consolidación y reporte de datos desde la Oficina Local hacia la Dirección Regional y el nivel nacional.,strict semantic review against authoritative evidence
corta_010,YES,YES,YES,1,"""Egreso de CEN-CINAI: Se refiere cuando el niño o niña se fue del establecimiento o de la comunidad con o sin justificación...""",En rank 1 se definen los criterios y condiciones de egreso del seguimiento interdisciplinario.,strict semantic review against authoritative evidence
corta_019,NO,NO,NO,,Incompleta,"El chunk recuperado (rank 4) enumera informes de gestión y asesoría técnica, pero no cita las 3 fuentes primarias de datos (Informe de ejecución programática nov, SIDINACC/CAH y Herramienta Excel).",strict semantic review against authoritative evidence
corta_020,YES,YES,YES,1,"""Acompañamiento técnico y modelaje: Equipo de profesionales de atención interdisciplinaria de la Oficina Local...""",En rank 1 se designa al equipo interdisciplinario de la Oficina Local como responsable del acompañamiento técnico y modelaje al personal local.,strict semantic review against authoritative evidence
corta_021,NO,NO,YES,5,"""Dona ... 115 cm, 10 cm, 5 cm 1 de cada uno""","En rank 5 se detallan las especificaciones del material 'Dona' del kit EDIN II, incluyendo sus diámetros de 15 cm, 10 cm y 5 cm.",strict semantic review against authoritative evidence
corta_024,YES,YES,YES,1,"""Recordar que el Profesional en Nutrición debe verificar el dato, utilizando la calculadora del software Anthro...""",En rank 1 se nombra explícitamente el software Anthro como la herramienta utilizada por el profesional en Nutrición para verificar el puntaje Z.,strict semantic review against authoritative evidence
corta_026,NO,NO,NO,,Incompleta,"El chunk recuperado (rank 4) explica el cálculo de semanas de edad corregida, pero omite la indicación explícita de registrar las siglas 'EC' en el recuadro.",strict semantic review against authoritative evidence
corta_027,YES,YES,YES,1,"""...aplicando tamizajes de salud al menos una vez al año, para determinar las estrategias de intervención...""",En rank 1 se fija la periodicidad mínima anual para la aplicación de tamizajes de salud dentro de la vigilancia.,strict semantic review against authoritative evidence
corta_030,YES,YES,YES,1,"""Si no se presenta háblele, mueva un sonajero (chilindrín) o preséntele un objeto brillante frente a la cara, muévalo lentamente...""",En rank 1 se norma el uso de objetos estandarizados (sonajero/objeto brillante) para estimular respuestas en infantes.,strict semantic review against authoritative evidence
corta_033,YES,YES,YES,1,"""Herramienta cada cuatrimestre (abril, agosto, diciembre).""","En rank 1 se norman los meses específicos (abril, agosto, diciembre) para aplicar la herramienta de supervisión cuatrimestral.",strict semantic review against authoritative evidence
corta_034,YES,YES,YES,1,"""* Material impreso de apoyo educativo como: rotafolio para la alimentación...""",En rank 1 se citan materiales de apoyo educativo como rotafolios de alimentación y kits de estimulación.,strict semantic review against authoritative evidence
corta_037,NO,NO,NO,,Incompleta,"Debido al truncamiento del texto al inicio del chunk (rank 5), se perdió la mención del código '#¡VALOR!' o 'REFF!' y su explicación sobre faltante de datos.",strict semantic review against authoritative evidence
corta_038,NO,YES,YES,2,"""Para igual o mayores de 5 años (≥5 años): Se requiere la información de los indicadores IMC (Índice de Masa Corporal) y T/E (Talla para edad).""",En rank 2 se especifican los indicadores obligatorios (IMC y T/E) para evaluar a la población mayor de 5 años.,strict semantic review against authoritative evidence
corta_039,NO,YES,YES,2,"""Población Objetivo: Familias de clientes y beneficiarias de los diferentes servicios brindados por la Dirección Nacional de CEN-CINAI.""",En rank 2 se define expresamente la población objetivo de la norma de gestión familiar.,strict semantic review against authoritative evidence
corta_044,NO,YES,YES,3,"""Pida referencia a la persona encargada sobre la conducta en el hogar...""",En rank 3 se norma la técnica de entrevista o reporte de la persona encargada para acreditar conductas no observadas en sitio.,strict semantic review against authoritative evidence
corta_051,YES,YES,YES,1,"""...en cinco áreas del desarrollo: Motora Gruesa, Motora Fina, Lenguaje, Cognitiva y Socioafectiva.""","En rank 1 se enumeran las cinco áreas del desarrollo evaluadas por las herramientas del sistema (motora gruesa, motora fina, lenguaje, cognitiva y socioafectiva).",strict semantic review against authoritative evidence
corta_054,NO,YES,YES,3,"""Interactúa con los objetos que tiene alrededor.""",En rank 3 se recupera la evaluación de interacción con objetos y materiales estandarizados del kit.,strict semantic review against authoritative evidence
corta_062,NO,NO,NO,,Incompleta,"El chunk recuperado (rank 4) lista el perímetro braquial como medición antropométrica general, pero omite las condiciones específicas de necesidades especiales (PCI) que regulan su uso alternativo.",strict semantic review against authoritative evidence
corta_063,NO,NO,NO,,Incompleta,"El chunk recuperado (rank 4) trata sobre curvas en prematuros, omitiendo la indicación general de trazar una línea recta entre puntos ploteados para identificar la tendencia.",strict semantic review against authoritative evidence
corta_065,NO,YES,YES,2,"""Grupo J Prioridad 4: Niños y niñas que reciben DAF y han recuperado su estado nutricional normal en todos los indicadores, por lo tanto, se inicia el año de protección...""",En rank 2 se define con precisión la composición del Grupo J (Prioridad 4): niños en DAF con estado nutricional recuperado en año de protección.,strict semantic review against authoritative evidence
corta_068,NO,YES,YES,2,"""Test de Lenguaje a casos referidos con nivel de rezago en el área de lenguaje y problemas de comunicación.""",En rank 2 se establece la condición específica para aplicar el test de lenguaje a niños referidos con rezago o problemas de comunicación.,strict semantic review against authoritative evidence
corta_069,YES,YES,YES,1,"""...que aseguren la atención óptima del niño y la niña menor de 13 años y que impulsan el desarrollo de su potencial como sujeto integral de derechos.""",En rank 1 se define el enfoque de derechos de la niñez como el eje transversal ordenador de las intervenciones.,strict semantic review against authoritative evidence
corta_072,NO,NO,YES,5,"""d. Jefaturas de Oficina Local con claridad en su rol gerencial... e. Jefaturas de Área Técnica Regional con claridad en su rol técnico gerencial...""",En rank 5 se asigna explícitamente el rol gerencial de supervisión y monitoreo a las Jefaturas de Oficina Local y Área Técnica Regional.,strict semantic review against authoritative evidence
corta_073,NO,YES,YES,3,"""...tales como: estado nutricional, nivel del desarrollo menores de seis años, nivel del desarrollo de niñas y niños en edad escolar, detección de dificultades de lenguaje, agudeza visual, agudeza auditiva, salud oral...""","En rank 3 se listan los componentes integrados en el SISVENDIS 2023, incluyendo salud oral y agudezas sensoriales.",strict semantic review against authoritative evidence
corta_080,YES,YES,YES,1,"""...la Unidad de Investigación y Vigilancia del Crecimiento y Desarrollo, es la unidad organizativa que conduce, diseña, ajusta, actualiza e implementa...""",En rank 1 se identifica a la UIVCD de la Dirección Técnica como la unidad organizativa rectora del sistema de vigilancia.,strict semantic review against authoritative evidence
corta_082,YES,YES,YES,1,"""La longitud es la medición que se aplica a los niños o niñas menores de dos años o menores de 85 cm en posición decúbito dorsal. La talla es la medida de niños o niñas mayores de dos años...""",En rank 1 se indica con exactitud el criterio de edad (menores de 2 años longitud acostado vs. 2 años o más estatura de pie).,strict semantic review against authoritative evidence
corta_083,YES,YES,YES,1,"""Anexo 6. Guías para elaboración de informe y monitoreo. Para la elaboración de informe y monitoreo del cumplimiento del procedimiento...""","En rank 1 se describe el contenido del Anexo 6, enfocado en las guías para elaboración de informes y monitoreo.",strict semantic review against authoritative evidence
corta_087,NO,YES,YES,2,"""3. Todo expediente deberá estar foliado.""",En rank 2 se establece la regla administrativa de foliación obligatoria para los expedientes y registros oficiales.,strict semantic review against authoritative evidence
corta_094,NO,YES,YES,2,"""...dar de alta cuando se recupera estado nutricional... los riesgos son manejados por el grupo familiar...""",En rank 2 se especifican las condiciones de alta cuando se recupera el estado nutricional y los riesgos son manejados por la familia.,strict semantic review against authoritative evidence
corta_098,NO,YES,YES,2,"""Para igual o mayores de 5 años (≥5 años): Se requiere la información de los indicadores IMC (Índice de Masa Corporal) y T/E (Talla para edad).""",En rank 2 se mencionan los dos indicadores obligatorios (IMC y T/E) para la valoración en mayores de 5 años.,strict semantic review against authoritative evidence
abierta_001,NO,YES,YES,2,"""Resultado adecuado (Verde)... Rezago en el desarrollo (Amarillo)... Riesgo de retraso del desarrollo (Rojo)... Niña o niño con resultado global rojo, dos veces al año y referencia al equipo...""","En rank 2 se explican los significados de las clasificaciones por color (verde, amarillo, rojo) y las acciones derivadas de un resultado rojo.",strict semantic review against authoritative evidence
abierta_003,NO,NO,NO,,Incompleta,"El chunk recuperado (rank 5) describe únicamente la Tarea 16 de alta y cierre del caso, omitiendo las etapas esenciales previas (detección, plazo de 5 días para referencia, análisis/priorización y plan de atención).",strict semantic review against authoritative evidence
abierta_004,YES,YES,YES,1,"""...el equipo de profesionales define de manera conjunta y colaborativa, el nivel de prioridad de cada caso, considerando aspectos de salud, estado nutricional, nivel del desarrollo, datos del grupo familiar, riesgo social...""","En rank 1 se detalla el análisis conjunto de la malnutrición y factores de riesgo social (violencia, pobreza) para determinar el nivel de prioridad.",strict semantic review against authoritative evidence
abierta_005,YES,YES,YES,1,"""UIVCD-DT: Elabora el informe nacional y realiza la evaluación de efectos... emite reportes e infografías...""",En rank 1 se expone la relación de flujo entre los niveles locales/regionales y la UIVCD a nivel central para la emisión de informes de efectos e infografías.,strict semantic review against authoritative evidence
abierta_007,YES,YES,YES,1,"""Cualquier miembro del equipo interdisciplinario realiza las referencias a otras instituciones... y da seguimiento a la misma...""",En rank 1 se establecen las responsabilidades en el manejo de referencias interinstitucionales frente a las acciones internas.,strict semantic review against authoritative evidence
abierta_008,NO,NO,NO,,Incompleta,"El chunk recuperado (rank 4) abarca el resguardo de notas privadas y confidencialidad del expediente, pero no incluye los mecanismos de control de calidad de datos (Anexo 5, filtros Excel, Anthro).",strict semantic review against authoritative evidence
abierta_010,YES,YES,YES,1,"""Grupo J Prioridad 4: Niños y niñas que reciben DAF y han recuperado su estado nutricional normal... se inicia el año de protección en DAF...""",En rank 1 se explica el manejo de casos con estado nutricional recuperado y la asignación del año de periodo de protección.,strict semantic review against authoritative evidence
abierta_011,NO,NO,NO,,Incompleta,"El chunk recuperado (rank 5) muestra las frecuencias para la prueba de desarrollo EDIN II, pero omite la fila de valoración antropométrica nutricional para niños normales (2 veces/año en intramuros vs. 1 en extramuros).",strict semantic review against authoritative evidence
abierta_014,YES,YES,YES,1,"""Establecimiento: Mantiene actualizados los registros de tamizajes en los expedientes... Oficina Local: Recopila y digita en la herramienta Excel... Área Técnica Regional: Elabora el consolidado...""","En rank 1 se detalla el flujo completo de información desde el expediente físico, digitación local en Excel y consolidación regional.",strict semantic review against authoritative evidence
abierta_015,NO,YES,YES,3,"""Enfoque de salud pública en la atención de la malnutrición: Reconoce los determinantes sociales de la salud... debe ser planificada y abordada en respuesta a los múltiples factores...""",En rank 3 se analiza el enfoque de salud pública que obliga a evaluar los determinantes sociales más allá de la antropometría aislada.,strict semantic review against authoritative evidence
abierta_019,NO,YES,YES,3,"""Cuando hay puntos marcados de dos o más visitas, una los puntos con una línea recta para conocer la tendencia.""",En rank 3 se explica la utilidad clínica de la tendencia y el procedimiento visual de unir puntos consecutivos con una línea recta.,strict semantic review against authoritative evidence
abierta_020,NO,YES,YES,2,"""Se actualizan los tamizajes de: Consulta sobre diversidad alimentaria mínima y frecuencia de consumo... odontograma para el control anual de placa bacteriana HOMA...""",En rank 2 se describe cómo el SISVENDIS 2023 incorpora la diversidad alimentaria y la salud oral como complementos de la vigilancia nutricional.,strict semantic review against authoritative evidence
abierta_022,NO,YES,YES,2,"""Evaluación del Estado Nutricional con medidas antropométricas: ASSC 3, Profesional de establecimiento... Prueba de Evaluación del Desarrollo Integral (EDIN II): ASSC 2...""",En rank 2 se comparan las funciones del ASSC 3 (antropometría) frente al ASSC 2 (aplicación de EDIN II y tamizajes auditivos).,strict semantic review against authoritative evidence
abierta_028,NO,YES,YES,2,"""API-EC-N-01... Atención y Protección Cotidiana... API-EX-N-07... consiste en acciones educativas que promueven habilidades y competencias sociales...""",En rank 2 se comparan los objetivos y dinámicas de la modalidad intramuros (atención cotidiana) frente a extramuros (acciones educativas/promoción).,strict semantic review against authoritative evidence
abierta_036,YES,YES,YES,1,"""Si los niños o niñas no logran superar el rezago [amarillo a los 3 meses], el equipo interdisciplinario actualiza la estrategia de abordaje y el plan de estimulación.""",En rank 1 se especifica la acción obligatoria ante un resultado amarillo persistente tras tres meses: actualizar el plan de estimulación y la estrategia.,strict semantic review against authoritative evidence
abierta_041,NO,NO,NO,,Incompleta,"El chunk recuperado (rank 5) expone definiciones teóricas de vigilancia epidemiológica, pero omite el flujo operativo de la boleta VE01 hacia el Área Rectora y SINAVISA.",strict semantic review against authoritative evidence
abierta_046,YES,YES,YES,1,"""Filtro Pueden ser datos numéricos, alfanuméricos, indocumentado.""",En rank 1 se fundamenta el registro de la opción 'indocumentado' en el software para garantizar el acceso a los servicios de salud y seguimiento sin exclusión.,strict semantic review against authoritative evidence
abierta_048,NO,YES,YES,2,"""Sobrepeso: Peso mayor al esperado para la talla... Normal: Inferior de +2 y superior a -2 DE... Desnutrición: En la línea o inferior de -2 DE...""","En rank 2 se explican los tres posibles resultados del indicador Peso para Talla y su significado clínico (desnutrición/agudo, normal, sobrepeso).",strict semantic review against authoritative evidence
abierta_051,NO,YES,YES,3,"""...monitoreo y seguimiento continuo de las niñas y los niños en su crecimiento, desarrollo y salud, empleando técnicas antropométricas, de medición del desarrollo infantil y aplicando tamizajes de salud al menos una vez al año...""","En rank 3 se define la vigilancia según la norma PCD-VCD-N-01 y las técnicas empleadas (antropometría, EDIN II, tamizajes de salud).",strict semantic review against authoritative evidence
abierta_053,YES,YES,YES,1,"""Para la revisión de la calidad de los datos de la herramienta... se utiliza la Guía de revisión de calidad... Filtro... Revisar datos extremos, no congruentes...""","En rank 1 se describen las tareas de revisión de calidad por la Jefatura de Oficina Local (filtros en Excel, detección de incongruencias y errores de fórmulas).",strict semantic review against authoritative evidence
abierta_054,NO,NO,YES,4,"""En la fila Puntaje Z, el profesional en nutrición de la Oficina Local deberá obtener el dato utilizando la calculadora del software Anthro... Baja Talla: BT, Baja Talla Severa: BTS""",En rank 4 se indica que el Profesional en Nutrición es el encargado de verificar el puntaje Z con Anthro y se listan las siglas de clasificación de Baja Talla.,strict semantic review against authoritative evidence
abierta_055,NO,YES,YES,3,"""Escucha activa: En la Atención Interdisciplinaria se requiere de una escucha activa hacia las personas atendidas como hacia los demás miembros del Equipo Interdisciplinario.""",En rank 3 se fundamenta la escucha activa y el respeto como ejes transversales de la atención integral.,strict semantic review against authoritative evidence
abierta_059,YES,YES,YES,1,"""participan profesionales del equipo interdisciplinario, personal del establecimiento y la madre, padre o encargado...""",En rank 1 se define el rol de las sesiones de apoyo como estrategia intensiva de acompañamiento y se enumeran los participantes.,strict semantic review against authoritative evidence
abierta_062,NO,NO,YES,4,"""Considerar como insumo, factores de riesgo tales como: salud individual... datos del grupo familiar... riesgo social, violencia familiar, entre otros determinantes sociales de la salud...""","En rank 4 se indica que los determinantes sociales (agua, vivienda, violencia) son insumos obligatorios para analizar el caso y definir la prioridad.",strict semantic review against authoritative evidence
abierta_067,NO,YES,YES,2,"""Su objetivo se orienta a maximizar el potencial del desarrollo infantil desde el nacimiento hasta los 13 años; la adecuada nutrición, cuidados de salud y socialización... en espacios sanos, seguros y estimulantes...""",En rank 2 se describen los objetivos integrales del servicio de Atención y Protección Infantil (API).,strict semantic review against authoritative evidence
abierta_068,NO,YES,YES,3,"""Estrategias de abordaje y materiales de apoyo... según nivel de prioridad... DAF, kits de estimulación infantil, réplicas de alimentos, rotafolios...""","En rank 3 se describe cómo la asignación de materiales de apoyo (kits, réplicas de alimentos) se diferencia según el nivel de prioridad del caso.",strict semantic review against authoritative evidence
abierta_072,NO,YES,YES,2,"""Lista de cotejo patrones de hábitos de salud... Cumple / No cumple... Expediente de la niña y niño... Cada vez que se aplica el EDIN II.""",En rank 2 se explica la clasificación (Cumple / No Cumple) de la lista de cotejo de hábitos de salud y su oportunidad de aplicación.,strict semantic review against authoritative evidence
abierta_073,NO,YES,YES,3,"""Identificación del caso: ASSC3, ASSC2, Profesional de establecimiento. Clasificación nutricional: Profesional de Oficina Local [Nutrición]...""",En rank 3 se definen las tareas de asesoría y clasificación del Nutricionista de Oficina Local respecto al personal asistente.,strict semantic review against authoritative evidence
abierta_078,NO,YES,YES,2,"""La Dirección Nacional de CEN-CINAI adopta el tamizaje actualizado EDIN II... lo que requiere modificar los criterios de efectos de mejora...""",En rank 2 se fundamenta la importancia de actualizar la normativa ante cambios en instrumentos como la transición de EDIN a EDIN II.,strict semantic review against authoritative evidence
abierta_090,NO,NO,NO,,Incompleta,"El chunk recuperado (rank 4) lista funciones generales del personal en SISVENDIS, pero omite la explicación de la diversidad alimentaria mínima (5 grupos en 24h) y su rol complementario a la antropometría.",strict semantic review against authoritative evidence
abierta_091,NO,YES,YES,2,"""Si la persona no posee ningún tipo de documento, anote la palabra sin documentos en este espacio.""",En rank 2 se norma el procedimiento de registro de menores indocumentados para garantizar su atención y derechos.,strict semantic review against authoritative evidence
abierta_092,NO,NO,NO,,Incompleta,"El chunk recuperado (rank 5) enumera las herramientas Excel y reportes actuales, pero omite la evolución histórica desde el 2002 y el paso del procesamiento manual al digital por niveles.",strict semantic review against authoritative evidence
