question_id,category,automatic_outcome,automatic_best_hit_rank,final_hit_at_5,final_best_rank_if_available,adjudication_method
sino_001,sino,HIGH_CONFIDENCE_HIT,1,YES,1,automatic_high_confidence_screening
sino_002,sino,NO_MATCH,,NO,,strict_semantic_review
sino_003,sino,HIGH_CONFIDENCE_HIT,1,YES,1,automatic_high_confidence_screening
sino_004,sino,HIGH_CONFIDENCE_HIT,1,YES,1,automatic_high_confidence_screening
sino_005,sino,HIGH_CONFIDENCE_HIT,5,YES,5,automatic_high_confidence_screening
sino_006,sino,HIGH_CONFIDENCE_HIT,2,YES,2,automatic_high_confidence_screening
sino_007,sino,REVIEW,,YES,1,strict_semantic_review
sino_008,sino,HIGH_CONFIDENCE_HIT,1,YES,1,automatic_high_confidence_screening
sino_009,sino,HIGH_CONFIDENCE_HIT,2,YES,2,automatic_high_confidence_screening
sino_010,sino,NO_MATCH,,NO,,strict_semantic_review
sino_011,sino,HIGH_CONFIDENCE_HIT,1,YES,1,automatic_high_confidence_screening
sino_012,sino,NO_MATCH,,YES,1,strict_semantic_review
sino_013,sino,HIGH_CONFIDENCE_HIT,1,YES,1,automatic_high_confidence_screening
sino_014,sino,HIGH_CONFIDENCE_HIT,4,YES,4,automatic_high_confidence_screening
sino_015,sino,HIGH_CONFIDENCE_HIT,3,YES,3,automatic_high_confidence_screening
sino_016,sino,HIGH_CONFIDENCE_HIT,1,YES,1,automatic_high_confidence_screening
sino_017,sino,REVIEW,,YES,2,strict_semantic_review
sino_018,sino,HIGH_CONFIDENCE_HIT,1,YES,1,automatic_high_confidence_screening
sino_019,sino,NO_MATCH,,YES,2,strict_semantic_review
sino_020,sino,HIGH_CONFIDENCE_HIT,1,YES,1,automatic_high_confidence_screening
sino_021,sino,HIGH_CONFIDENCE_HIT,1,YES,1,automatic_high_confidence_screening
sino_022,sino,REVIEW,,YES,3,strict_semantic_review
sino_024,sino,HIGH_CONFIDENCE_HIT,1,YES,1,automatic_high_confidence_screening
sino_025,sino,HIGH_CONFIDENCE_HIT,1,YES,1,automatic_high_confidence_screening
sino_026,sino,REVIEW,,YES,1,strict_semantic_review
sino_027,sino,REVIEW,,YES,1,strict_semantic_review
sino_028,sino,HIGH_CONFIDENCE_HIT,1,YES,1,automatic_high_confidence_screening
sino_029,sino,HIGH_CONFIDENCE_HIT,2,YES,2,automatic_high_confidence_screening
sino_030,sino,HIGH_CONFIDENCE_HIT,1,YES,1,automatic_high_confidence_screening
sino_031,sino,NO_MATCH,,YES,1,strict_semantic_review
sino_032,sino,HIGH_CONFIDENCE_HIT,1,YES,1,automatic_high_confidence_screening
sino_033,sino,HIGH_CONFIDENCE_HIT,1,YES,1,automatic_high_confidence_screening
sino_034,sino,REVIEW,,YES,1,strict_semantic_review
sino_035,sino,HIGH_CONFIDENCE_HIT,1,YES,1,automatic_high_confidence_screening
sino_036,sino,HIGH_CONFIDENCE_HIT,1,YES,1,automatic_high_confidence_screening
sino_037,sino,NO_MATCH,,YES,2,strict_semantic_review
sino_038,sino,HIGH_CONFIDENCE_HIT,1,YES,1,automatic_high_confidence_screening
sino_039,sino,NO_MATCH,,NO,,strict_semantic_review
sino_040,sino,HIGH_CONFIDENCE_HIT,2,YES,2,automatic_high_confidence_screening
sino_041,sino,HIGH_CONFIDENCE_HIT,1,YES,1,automatic_high_confidence_screening
sino_042,sino,HIGH_CONFIDENCE_HIT,1,YES,1,automatic_high_confidence_screening
sino_043,sino,HIGH_CONFIDENCE_HIT,1,YES,1,automatic_high_confidence_screening
sino_044,sino,HIGH_CONFIDENCE_HIT,4,YES,4,automatic_high_confidence_screening
sino_045,sino,NO_MATCH,,YES,1,strict_semantic_review
sino_046,sino,HIGH_CONFIDENCE_HIT,1,YES,1,automatic_high_confidence_screening
sino_047,sino,HIGH_CONFIDENCE_HIT,1,YES,1,automatic_high_confidence_screening
sino_048,sino,HIGH_CONFIDENCE_HIT,1,YES,1,automatic_high_confidence_screening
sino_049,sino,NO_MATCH,,YES,5,strict_semantic_review
sino_050,sino,HIGH_CONFIDENCE_HIT,4,YES,4,automatic_high_confidence_screening
sino_051,sino,HIGH_CONFIDENCE_HIT,4,YES,4,automatic_high_confidence_screening
sino_052,sino,REVIEW,,NO,,strict_semantic_review
sino_053,sino,HIGH_CONFIDENCE_HIT,1,YES,1,automatic_high_confidence_screening
sino_054,sino,NO_MATCH,,YES,2,strict_semantic_review
sino_055,sino,HIGH_CONFIDENCE_HIT,2,YES,2,automatic_high_confidence_screening
sino_056,sino,REVIEW,,YES,2,strict_semantic_review
sino_057,sino,HIGH_CONFIDENCE_HIT,1,YES,1,automatic_high_confidence_screening
sino_058,sino,HIGH_CONFIDENCE_HIT,1,YES,1,automatic_high_confidence_screening
sino_059,sino,HIGH_CONFIDENCE_HIT,1,YES,1,automatic_high_confidence_screening
sino_060,sino,HIGH_CONFIDENCE_HIT,1,YES,1,automatic_high_confidence_screening
sino_061,sino,REVIEW,,YES,3,strict_semantic_review
sino_062,sino,REVIEW,,YES,1,strict_semantic_review
sino_063,sino,NO_MATCH,,YES,1,strict_semantic_review
sino_064,sino,HIGH_CONFIDENCE_HIT,1,YES,1,automatic_high_confidence_screening
sino_065,sino,HIGH_CONFIDENCE_HIT,1,YES,1,automatic_high_confidence_screening
sino_066,sino,HIGH_CONFIDENCE_HIT,1,YES,1,automatic_high_confidence_screening
sino_067,sino,NO_MATCH,,YES,4,strict_semantic_review
sino_068,sino,NO_MATCH,,YES,1,strict_semantic_review
sino_069,sino,NO_MATCH,,YES,2,strict_semantic_review
sino_070,sino,HIGH_CONFIDENCE_HIT,1,YES,1,automatic_high_confidence_screening
sino_071,sino,HIGH_CONFIDENCE_HIT,2,YES,2,automatic_high_confidence_screening
sino_072,sino,HIGH_CONFIDENCE_HIT,2,YES,2,automatic_high_confidence_screening
sino_073,sino,NO_MATCH,,YES,4,strict_semantic_review
sino_074,sino,HIGH_CONFIDENCE_HIT,1,YES,1,automatic_high_confidence_screening
sino_075,sino,HIGH_CONFIDENCE_HIT,1,YES,1,automatic_high_confidence_screening
sino_076,sino,HIGH_CONFIDENCE_HIT,1,YES,1,automatic_high_confidence_screening
sino_077,sino,HIGH_CONFIDENCE_HIT,2,YES,2,automatic_high_confidence_screening
sino_078,sino,NO_MATCH,,NO,,strict_semantic_review
sino_079,sino,HIGH_CONFIDENCE_HIT,4,YES,4,automatic_high_confidence_screening
sino_080,sino,HIGH_CONFIDENCE_HIT,2,YES,2,automatic_high_confidence_screening
sino_081,sino,HIGH_CONFIDENCE_HIT,1,YES,1,automatic_high_confidence_screening
sino_082,sino,REVIEW,,YES,1,strict_semantic_review
sino_083,sino,HIGH_CONFIDENCE_HIT,1,YES,1,automatic_high_confidence_screening
sino_084,sino,HIGH_CONFIDENCE_HIT,3,YES,3,automatic_high_confidence_screening
sino_085,sino,HIGH_CONFIDENCE_HIT,1,YES,1,automatic_high_confidence_screening
sino_086,sino,HIGH_CONFIDENCE_HIT,1,YES,1,automatic_high_confidence_screening
sino_087,sino,REVIEW,,YES,1,strict_semantic_review
sino_088,sino,HIGH_CONFIDENCE_HIT,1,YES,1,automatic_high_confidence_screening
sino_089,sino,HIGH_CONFIDENCE_HIT,3,YES,3,automatic_high_confidence_screening
sino_090,sino,HIGH_CONFIDENCE_HIT,2,YES,2,automatic_high_confidence_screening
sino_091,sino,HIGH_CONFIDENCE_HIT,3,YES,3,automatic_high_confidence_screening
sino_092,sino,HIGH_CONFIDENCE_HIT,1,YES,1,automatic_high_confidence_screening
sino_093,sino,HIGH_CONFIDENCE_HIT,1,YES,1,automatic_high_confidence_screening
sino_094,sino,HIGH_CONFIDENCE_HIT,1,YES,1,automatic_high_confidence_screening
sino_095,sino,HIGH_CONFIDENCE_HIT,1,YES,1,automatic_high_confidence_screening
sino_096,sino,HIGH_CONFIDENCE_HIT,4,YES,4,automatic_high_confidence_screening
sino_097,sino,HIGH_CONFIDENCE_HIT,5,YES,5,automatic_high_confidence_screening
sino_098,sino,NO_MATCH,,NO,,strict_semantic_review
sino_099,sino,HIGH_CONFIDENCE_HIT,2,YES,2,automatic_high_confidence_screening
sino_100,sino,HIGH_CONFIDENCE_HIT,1,YES,1,automatic_high_confidence_screening
corta_001,corta,NO_MATCH,,YES,3,strict_semantic_review
corta_002,corta,REVIEW,,YES,1,strict_semantic_review
corta_003,corta,REVIEW,,YES,2,strict_semantic_review
corta_004,corta,HIGH_CONFIDENCE_HIT,1,YES,1,automatic_high_confidence_screening
corta_005,corta,HIGH_CONFIDENCE_HIT,1,YES,1,automatic_high_confidence_screening
corta_006,corta,HIGH_CONFIDENCE_HIT,4,YES,4,automatic_high_confidence_screening
corta_007,corta,NO_MATCH,,YES,3,strict_semantic_review
corta_008,corta,HIGH_CONFIDENCE_HIT,1,YES,1,automatic_high_confidence_screening
corta_009,corta,REVIEW,,YES,3,strict_semantic_review
corta_010,corta,REVIEW,,YES,1,strict_semantic_review
corta_011,corta,HIGH_CONFIDENCE_HIT,1,YES,1,automatic_high_confidence_screening
corta_012,corta,HIGH_CONFIDENCE_HIT,1,YES,1,automatic_high_confidence_screening
corta_013,corta,HIGH_CONFIDENCE_HIT,1,YES,1,automatic_high_confidence_screening
corta_014,corta,HIGH_CONFIDENCE_HIT,2,YES,2,automatic_high_confidence_screening
corta_015,corta,HIGH_CONFIDENCE_HIT,5,YES,5,automatic_high_confidence_screening
corta_016,corta,HIGH_CONFIDENCE_HIT,1,YES,1,automatic_high_confidence_screening
corta_017,corta,HIGH_CONFIDENCE_HIT,2,YES,2,automatic_high_confidence_screening
corta_018,corta,HIGH_CONFIDENCE_HIT,1,YES,1,automatic_high_confidence_screening
corta_019,corta,NO_MATCH,,NO,,strict_semantic_review
corta_020,corta,REVIEW,,YES,1,strict_semantic_review
corta_021,corta,REVIEW,,YES,5,strict_semantic_review
corta_022,corta,HIGH_CONFIDENCE_HIT,3,YES,3,automatic_high_confidence_screening
corta_023,corta,HIGH_CONFIDENCE_HIT,1,YES,1,automatic_high_confidence_screening
corta_024,corta,REVIEW,,YES,1,strict_semantic_review
corta_025,corta,HIGH_CONFIDENCE_HIT,1,YES,1,automatic_high_confidence_screening
corta_026,corta,NO_MATCH,,NO,,strict_semantic_review
corta_027,corta,NO_MATCH,,YES,1,strict_semantic_review
corta_028,corta,HIGH_CONFIDENCE_HIT,1,YES,1,automatic_high_confidence_screening
corta_029,corta,HIGH_CONFIDENCE_HIT,1,YES,1,automatic_high_confidence_screening
corta_030,corta,NO_MATCH,,YES,1,strict_semantic_review
corta_031,corta,HIGH_CONFIDENCE_HIT,1,YES,1,automatic_high_confidence_screening
corta_032,corta,HIGH_CONFIDENCE_HIT,1,YES,1,automatic_high_confidence_screening
corta_033,corta,NO_MATCH,,YES,1,strict_semantic_review
corta_034,corta,NO_MATCH,,YES,1,strict_semantic_review
corta_035,corta,HIGH_CONFIDENCE_HIT,1,YES,1,automatic_high_confidence_screening
corta_036,corta,HIGH_CONFIDENCE_HIT,1,YES,1,automatic_high_confidence_screening
corta_037,corta,REVIEW,,NO,,strict_semantic_review
corta_038,corta,NO_MATCH,,YES,2,strict_semantic_review
corta_039,corta,REVIEW,,YES,2,strict_semantic_review
corta_040,corta,HIGH_CONFIDENCE_HIT,4,YES,4,automatic_high_confidence_screening
corta_041,corta,HIGH_CONFIDENCE_HIT,1,YES,1,automatic_high_confidence_screening
corta_042,corta,HIGH_CONFIDENCE_HIT,2,YES,2,automatic_high_confidence_screening
corta_043,corta,HIGH_CONFIDENCE_HIT,3,YES,3,automatic_high_confidence_screening
corta_044,corta,REVIEW,,YES,3,strict_semantic_review
corta_045,corta,HIGH_CONFIDENCE_HIT,1,YES,1,automatic_high_confidence_screening
corta_046,corta,HIGH_CONFIDENCE_HIT,2,YES,2,automatic_high_confidence_screening
corta_047,corta,HIGH_CONFIDENCE_HIT,5,YES,5,automatic_high_confidence_screening
corta_048,corta,HIGH_CONFIDENCE_HIT,3,YES,3,automatic_high_confidence_screening
corta_049,corta,HIGH_CONFIDENCE_HIT,1,YES,1,automatic_high_confidence_screening
corta_050,corta,HIGH_CONFIDENCE_HIT,1,YES,1,automatic_high_confidence_screening
corta_051,corta,REVIEW,,YES,1,strict_semantic_review
corta_052,corta,HIGH_CONFIDENCE_HIT,3,YES,3,automatic_high_confidence_screening
corta_053,corta,HIGH_CONFIDENCE_HIT,3,YES,3,automatic_high_confidence_screening
corta_054,corta,NO_MATCH,,YES,3,strict_semantic_review
corta_055,corta,HIGH_CONFIDENCE_HIT,2,YES,2,automatic_high_confidence_screening
corta_056,corta,HIGH_CONFIDENCE_HIT,1,YES,1,automatic_high_confidence_screening
corta_057,corta,HIGH_CONFIDENCE_HIT,1,YES,1,automatic_high_confidence_screening
corta_058,corta,HIGH_CONFIDENCE_HIT,1,YES,1,automatic_high_confidence_screening
corta_059,corta,HIGH_CONFIDENCE_HIT,3,YES,3,automatic_high_confidence_screening
corta_060,corta,HIGH_CONFIDENCE_HIT,1,YES,1,automatic_high_confidence_screening
corta_061,corta,HIGH_CONFIDENCE_HIT,1,YES,1,automatic_high_confidence_screening
corta_062,corta,NO_MATCH,,NO,,strict_semantic_review
corta_063,corta,NO_MATCH,,NO,,strict_semantic_review
corta_064,corta,HIGH_CONFIDENCE_HIT,1,YES,1,automatic_high_confidence_screening
corta_065,corta,NO_MATCH,,YES,2,strict_semantic_review
corta_066,corta,HIGH_CONFIDENCE_HIT,1,YES,1,automatic_high_confidence_screening
corta_067,corta,HIGH_CONFIDENCE_HIT,2,YES,2,automatic_high_confidence_screening
corta_068,corta,NO_MATCH,,YES,2,strict_semantic_review
corta_069,corta,NO_MATCH,,YES,1,strict_semantic_review
corta_070,corta,HIGH_CONFIDENCE_HIT,1,YES,1,automatic_high_confidence_screening
corta_071,corta,HIGH_CONFIDENCE_HIT,1,YES,1,automatic_high_confidence_screening
corta_072,corta,REVIEW,,YES,5,strict_semantic_review
corta_073,corta,NO_MATCH,,YES,3,strict_semantic_review
corta_074,corta,HIGH_CONFIDENCE_HIT,1,YES,1,automatic_high_confidence_screening
corta_075,corta,HIGH_CONFIDENCE_HIT,3,YES,3,automatic_high_confidence_screening
corta_076,corta,HIGH_CONFIDENCE_HIT,1,YES,1,automatic_high_confidence_screening
corta_077,corta,HIGH_CONFIDENCE_HIT,3,YES,3,automatic_high_confidence_screening
corta_078,corta,HIGH_CONFIDENCE_HIT,1,YES,1,automatic_high_confidence_screening
corta_079,corta,HIGH_CONFIDENCE_HIT,2,YES,2,automatic_high_confidence_screening
corta_080,corta,NO_MATCH,,YES,1,strict_semantic_review
corta_081,corta,HIGH_CONFIDENCE_HIT,1,YES,1,automatic_high_confidence_screening
corta_082,corta,REVIEW,,YES,1,strict_semantic_review
corta_083,corta,NO_MATCH,,YES,1,strict_semantic_review
corta_084,corta,HIGH_CONFIDENCE_HIT,2,YES,2,automatic_high_confidence_screening
corta_085,corta,HIGH_CONFIDENCE_HIT,1,YES,1,automatic_high_confidence_screening
corta_086,corta,HIGH_CONFIDENCE_HIT,1,YES,1,automatic_high_confidence_screening
corta_087,corta,NO_MATCH,,YES,2,strict_semantic_review
corta_088,corta,HIGH_CONFIDENCE_HIT,1,YES,1,automatic_high_confidence_screening
corta_089,corta,HIGH_CONFIDENCE_HIT,1,YES,1,automatic_high_confidence_screening
corta_090,corta,HIGH_CONFIDENCE_HIT,1,YES,1,automatic_high_confidence_screening
corta_091,corta,HIGH_CONFIDENCE_HIT,5,YES,5,automatic_high_confidence_screening
corta_092,corta,HIGH_CONFIDENCE_HIT,1,YES,1,automatic_high_confidence_screening
corta_093,corta,HIGH_CONFIDENCE_HIT,1,YES,1,automatic_high_confidence_screening
corta_094,corta,NO_MATCH,,YES,2,strict_semantic_review
corta_095,corta,HIGH_CONFIDENCE_HIT,1,YES,1,automatic_high_confidence_screening
corta_096,corta,HIGH_CONFIDENCE_HIT,1,YES,1,automatic_high_confidence_screening
corta_097,corta,HIGH_CONFIDENCE_HIT,2,YES,2,automatic_high_confidence_screening
corta_098,corta,NO_MATCH,,YES,2,strict_semantic_review
corta_099,corta,HIGH_CONFIDENCE_HIT,1,YES,1,automatic_high_confidence_screening
corta_100,corta,HIGH_CONFIDENCE_HIT,2,YES,2,automatic_high_confidence_screening
abierta_001,abierta,NO_MATCH,,YES,2,strict_semantic_review
abierta_002,abierta,HIGH_CONFIDENCE_HIT,1,YES,1,automatic_high_confidence_screening
abierta_003,abierta,NO_MATCH,,NO,,strict_semantic_review
abierta_004,abierta,REVIEW,,YES,1,strict_semantic_review
abierta_005,abierta,REVIEW,,YES,1,strict_semantic_review
abierta_006,abierta,HIGH_CONFIDENCE_HIT,1,YES,1,automatic_high_confidence_screening
abierta_007,abierta,NO_MATCH,,YES,1,strict_semantic_review
abierta_008,abierta,REVIEW,,NO,,strict_semantic_review
abierta_009,abierta,HIGH_CONFIDENCE_HIT,1,YES,1,automatic_high_confidence_screening
abierta_010,abierta,NO_MATCH,,YES,1,strict_semantic_review
abierta_011,abierta,NO_MATCH,,NO,,strict_semantic_review
abierta_012,abierta,HIGH_CONFIDENCE_HIT,1,YES,1,automatic_high_confidence_screening
abierta_013,abierta,HIGH_CONFIDENCE_HIT,1,YES,1,automatic_high_confidence_screening
abierta_014,abierta,REVIEW,,YES,1,strict_semantic_review
abierta_015,abierta,NO_MATCH,,YES,3,strict_semantic_review
abierta_016,abierta,HIGH_CONFIDENCE_HIT,1,YES,1,automatic_high_confidence_screening
abierta_017,abierta,HIGH_CONFIDENCE_HIT,5,YES,5,automatic_high_confidence_screening
abierta_018,abierta,HIGH_CONFIDENCE_HIT,2,YES,2,automatic_high_confidence_screening
abierta_019,abierta,NO_MATCH,,YES,3,strict_semantic_review
abierta_020,abierta,NO_MATCH,,YES,2,strict_semantic_review
abierta_021,abierta,HIGH_CONFIDENCE_HIT,2,YES,2,automatic_high_confidence_screening
abierta_022,abierta,NO_MATCH,,YES,2,strict_semantic_review
abierta_023,abierta,HIGH_CONFIDENCE_HIT,2,YES,2,automatic_high_confidence_screening
abierta_024,abierta,HIGH_CONFIDENCE_HIT,1,YES,1,automatic_high_confidence_screening
abierta_025,abierta,HIGH_CONFIDENCE_HIT,1,YES,1,automatic_high_confidence_screening
abierta_026,abierta,HIGH_CONFIDENCE_HIT,1,YES,1,automatic_high_confidence_screening
abierta_027,abierta,HIGH_CONFIDENCE_HIT,1,YES,1,automatic_high_confidence_screening
abierta_028,abierta,NO_MATCH,,YES,2,strict_semantic_review
abierta_029,abierta,HIGH_CONFIDENCE_HIT,1,YES,1,automatic_high_confidence_screening
abierta_030,abierta,HIGH_CONFIDENCE_HIT,1,YES,1,automatic_high_confidence_screening
abierta_031,abierta,HIGH_CONFIDENCE_HIT,3,YES,3,automatic_high_confidence_screening
abierta_032,abierta,HIGH_CONFIDENCE_HIT,1,YES,1,automatic_high_confidence_screening
abierta_033,abierta,HIGH_CONFIDENCE_HIT,1,YES,1,automatic_high_confidence_screening
abierta_034,abierta,HIGH_CONFIDENCE_HIT,1,YES,1,automatic_high_confidence_screening
abierta_035,abierta,HIGH_CONFIDENCE_HIT,2,YES,2,automatic_high_confidence_screening
abierta_036,abierta,NO_MATCH,,YES,1,strict_semantic_review
abierta_037,abierta,HIGH_CONFIDENCE_HIT,3,YES,3,automatic_high_confidence_screening
abierta_038,abierta,HIGH_CONFIDENCE_HIT,1,YES,1,automatic_high_confidence_screening
abierta_039,abierta,HIGH_CONFIDENCE_HIT,1,YES,1,automatic_high_confidence_screening
abierta_040,abierta,HIGH_CONFIDENCE_HIT,1,YES,1,automatic_high_confidence_screening
abierta_041,abierta,NO_MATCH,,NO,,strict_semantic_review
abierta_042,abierta,HIGH_CONFIDENCE_HIT,2,YES,2,automatic_high_confidence_screening
abierta_043,abierta,HIGH_CONFIDENCE_HIT,4,YES,4,automatic_high_confidence_screening
abierta_044,abierta,HIGH_CONFIDENCE_HIT,1,YES,1,automatic_high_confidence_screening
abierta_045,abierta,HIGH_CONFIDENCE_HIT,2,YES,2,automatic_high_confidence_screening
abierta_046,abierta,NO_MATCH,,YES,1,strict_semantic_review
abierta_047,abierta,HIGH_CONFIDENCE_HIT,1,YES,1,automatic_high_confidence_screening
abierta_048,abierta,REVIEW,,YES,2,strict_semantic_review
abierta_049,abierta,HIGH_CONFIDENCE_HIT,1,YES,1,automatic_high_confidence_screening
abierta_050,abierta,HIGH_CONFIDENCE_HIT,1,YES,1,automatic_high_confidence_screening
abierta_051,abierta,NO_MATCH,,YES,3,strict_semantic_review
abierta_052,abierta,HIGH_CONFIDENCE_HIT,1,YES,1,automatic_high_confidence_screening
abierta_053,abierta,NO_MATCH,,YES,1,strict_semantic_review
abierta_054,abierta,REVIEW,,YES,4,strict_semantic_review
abierta_055,abierta,NO_MATCH,,YES,3,strict_semantic_review
abierta_056,abierta,HIGH_CONFIDENCE_HIT,2,YES,2,automatic_high_confidence_screening
abierta_057,abierta,HIGH_CONFIDENCE_HIT,1,YES,1,automatic_high_confidence_screening
abierta_058,abierta,HIGH_CONFIDENCE_HIT,5,YES,5,automatic_high_confidence_screening
abierta_059,abierta,NO_MATCH,,YES,1,strict_semantic_review
abierta_060,abierta,HIGH_CONFIDENCE_HIT,1,YES,1,automatic_high_confidence_screening
abierta_061,abierta,HIGH_CONFIDENCE_HIT,5,YES,5,automatic_high_confidence_screening
abierta_062,abierta,REVIEW,,YES,4,strict_semantic_review
abierta_063,abierta,HIGH_CONFIDENCE_HIT,1,YES,1,automatic_high_confidence_screening
abierta_064,abierta,HIGH_CONFIDENCE_HIT,1,YES,1,automatic_high_confidence_screening
abierta_065,abierta,HIGH_CONFIDENCE_HIT,1,YES,1,automatic_high_confidence_screening
abierta_066,abierta,HIGH_CONFIDENCE_HIT,1,YES,1,automatic_high_confidence_screening
abierta_067,abierta,REVIEW,,YES,2,strict_semantic_review
abierta_068,abierta,REVIEW,,YES,3,strict_semantic_review
abierta_069,abierta,HIGH_CONFIDENCE_HIT,1,YES,1,automatic_high_confidence_screening
abierta_070,abierta,HIGH_CONFIDENCE_HIT,1,YES,1,automatic_high_confidence_screening
abierta_071,abierta,HIGH_CONFIDENCE_HIT,1,YES,1,automatic_high_confidence_screening
abierta_072,abierta,REVIEW,,YES,2,strict_semantic_review
abierta_073,abierta,REVIEW,,YES,3,strict_semantic_review
abierta_074,abierta,HIGH_CONFIDENCE_HIT,1,YES,1,automatic_high_confidence_screening
abierta_075,abierta,HIGH_CONFIDENCE_HIT,2,YES,2,automatic_high_confidence_screening
abierta_076,abierta,HIGH_CONFIDENCE_HIT,1,YES,1,automatic_high_confidence_screening
abierta_077,abierta,HIGH_CONFIDENCE_HIT,3,YES,3,automatic_high_confidence_screening
abierta_078,abierta,REVIEW,,YES,2,strict_semantic_review
abierta_079,abierta,HIGH_CONFIDENCE_HIT,1,YES,1,automatic_high_confidence_screening
abierta_080,abierta,HIGH_CONFIDENCE_HIT,4,YES,4,automatic_high_confidence_screening
abierta_081,abierta,HIGH_CONFIDENCE_HIT,1,YES,1,automatic_high_confidence_screening
abierta_082,abierta,HIGH_CONFIDENCE_HIT,2,YES,2,automatic_high_confidence_screening
abierta_083,abierta,HIGH_CONFIDENCE_HIT,5,YES,5,automatic_high_confidence_screening
abierta_084,abierta,HIGH_CONFIDENCE_HIT,1,YES,1,automatic_high_confidence_screening
abierta_085,abierta,HIGH_CONFIDENCE_HIT,4,YES,4,automatic_high_confidence_screening
abierta_086,abierta,HIGH_CONFIDENCE_HIT,4,YES,4,automatic_high_confidence_screening
abierta_087,abierta,HIGH_CONFIDENCE_HIT,1,YES,1,automatic_high_confidence_screening
abierta_088,abierta,HIGH_CONFIDENCE_HIT,1,YES,1,automatic_high_confidence_screening
abierta_089,abierta,HIGH_CONFIDENCE_HIT,1,YES,1,automatic_high_confidence_screening
abierta_090,abierta,NO_MATCH,,NO,,strict_semantic_review
abierta_091,abierta,NO_MATCH,,YES,2,strict_semantic_review
abierta_092,abierta,NO_MATCH,,NO,,strict_semantic_review
abierta_093,abierta,HIGH_CONFIDENCE_HIT,3,YES,3,automatic_high_confidence_screening
abierta_094,abierta,HIGH_CONFIDENCE_HIT,1,YES,1,automatic_high_confidence_screening
abierta_095,abierta,HIGH_CONFIDENCE_HIT,1,YES,1,automatic_high_confidence_screening
abierta_096,abierta,HIGH_CONFIDENCE_HIT,1,YES,1,automatic_high_confidence_screening
abierta_097,abierta,HIGH_CONFIDENCE_HIT,4,YES,4,automatic_high_confidence_screening
abierta_098,abierta,HIGH_CONFIDENCE_HIT,1,YES,1,automatic_high_confidence_screening
abierta_099,abierta,HIGH_CONFIDENCE_HIT,1,YES,1,automatic_high_confidence_screening
abierta_100,abierta,HIGH_CONFIDENCE_HIT,1,YES,1,automatic_high_confidence_screening
