metric,category,model_a,model_b,n_questions,observed_difference_a_minus_b,ci95_low,ci95_high,ci_excludes_zero,favored_if_ci_excludes_zero,n_boot,seed
sino_accuracy,sino,Qwen2.5-32B,Llama3.3-70B,99,-0.02020202020202022,-0.09090909090909094,0.0505050505050505,False,none,10000,20261008
sino_accuracy,sino,Qwen2.5-32B,DeepSeek-R1-Distill-Qwen-32B,99,0.09090909090909083,-0.010101010101010055,0.18207070707070344,False,none,10000,20261008
sino_accuracy,sino,Llama3.3-70B,DeepSeek-R1-Distill-Qwen-32B,99,0.11111111111111105,0.010101010101010055,0.21212121212121215,True,Llama3.3-70B,10000,20261008
corta_token_f1,corta,Qwen2.5-32B,Llama3.3-70B,100,-0.003223064623521954,-0.028693349159509923,0.022101653414035437,False,none,10000,20261008
corta_token_f1,corta,Qwen2.5-32B,DeepSeek-R1-Distill-Qwen-32B,100,0.0003280708838042101,-0.02213049304609051,0.022124387112549736,False,none,10000,20261008
corta_token_f1,corta,Llama3.3-70B,DeepSeek-R1-Distill-Qwen-32B,100,0.003551135507326164,-0.023463672988024743,0.031214817051533863,False,none,10000,20261008
abierta_bertscore_f1,abierta,Qwen2.5-32B,Llama3.3-70B,100,0.026521309316158315,0.012464700108394013,0.04047492645308375,True,Qwen2.5-32B,10000,20261008
abierta_bertscore_f1,abierta,Qwen2.5-32B,DeepSeek-R1-Distill-Qwen-32B,100,0.00757056638598444,-0.007765806243754905,0.02283626938052474,False,none,10000,20261008
abierta_bertscore_f1,abierta,Llama3.3-70B,DeepSeek-R1-Distill-Qwen-32B,100,-0.018950742930173875,-0.03266900858376178,-0.005792537648230784,True,DeepSeek-R1-Distill-Qwen-32B,10000,20261008
abierta_rouge_l,abierta,Qwen2.5-32B,Llama3.3-70B,100,0.006652558502179995,-0.0002634412164164862,0.013542984402781484,False,none,10000,20261008
abierta_rouge_l,abierta,Qwen2.5-32B,DeepSeek-R1-Distill-Qwen-32B,100,0.00038396158797887603,-0.008418043993230425,0.008952713762221771,False,none,10000,20261008
abierta_rouge_l,abierta,Llama3.3-70B,DeepSeek-R1-Distill-Qwen-32B,100,-0.006268596914201119,-0.01458699809852146,0.001758351500418087,False,none,10000,20261008
abierta_meteor,abierta,Qwen2.5-32B,Llama3.3-70B,100,-0.026047975076450625,-0.03826978764453856,-0.014112153554174445,True,Llama3.3-70B,10000,20261008
abierta_meteor,abierta,Qwen2.5-32B,DeepSeek-R1-Distill-Qwen-32B,100,-0.007593114752726338,-0.018962308085577802,0.0036207443981476064,False,none,10000,20261008
abierta_meteor,abierta,Llama3.3-70B,DeepSeek-R1-Distill-Qwen-32B,100,0.018454860323724287,0.007040920932203265,0.029933598026098192,True,Llama3.3-70B,10000,20261008
