metric,category,model,n_questions,observed_mean,ci95_low,ci95_high,n_boot,seed
sino_accuracy,sino,Qwen2.5-32B,99,0.7878787878787878,0.7070707070707071,0.8686868686868687,10000,20261008
sino_accuracy,sino,Llama3.3-70B,99,0.8080808080808081,0.7272727272727273,0.8787878787878788,10000,20261008
sino_accuracy,sino,DeepSeek-R1-Distill-Qwen-32B,99,0.696969696969697,0.6060606060606061,0.7878787878787878,10000,20261008
corta_token_f1,corta,Qwen2.5-32B,100,0.3384597181180217,0.3071468538363665,0.3718120602100113,10000,20261008
corta_token_f1,corta,Llama3.3-70B,100,0.3416827827415437,0.30703728275467085,0.37708204347005253,10000,20261008
corta_token_f1,corta,DeepSeek-R1-Distill-Qwen-32B,100,0.3381316472342175,0.30435502240812623,0.3729512938402471,10000,20261008
abierta_bertscore_f1,abierta,Qwen2.5-32B,100,0.2224270847439766,0.20813323695212604,0.2367140363380313,10000,20261008
abierta_bertscore_f1,abierta,Llama3.3-70B,100,0.19590577542781829,0.18324648920912295,0.2087540653152391,10000,20261008
abierta_bertscore_f1,abierta,DeepSeek-R1-Distill-Qwen-32B,100,0.21485651835799216,0.19900980075355618,0.23087346306070683,10000,20261008
abierta_rouge_l,abierta,Qwen2.5-32B,100,0.20822205110242464,0.19932056338441173,0.2174957003492359,10000,20261008
abierta_rouge_l,abierta,Llama3.3-70B,100,0.20156949260024465,0.1936950157876272,0.20974301114600083,10000,20261008
abierta_rouge_l,abierta,DeepSeek-R1-Distill-Qwen-32B,100,0.20783808951444577,0.197986930067661,0.21788313621630556,10000,20261008
abierta_meteor,abierta,Qwen2.5-32B,100,0.25637033282162636,0.2418433570132677,0.27067609722547514,10000,20261008
abierta_meteor,abierta,Llama3.3-70B,100,0.282418307898077,0.27072571652941535,0.2937292906153362,10000,20261008
abierta_meteor,abierta,DeepSeek-R1-Distill-Qwen-32B,100,0.2639634475743527,0.25048982335639464,0.27683903733148524,10000,20261008
