question_id,category,model,accuracy,token_f1,bertscore_f1,rouge_l,meteor,predicted_label,expected_label,generation_error
sino_001,sino,Qwen2.5-32B,1.0,,,,,no,no,False
sino_002,sino,Qwen2.5-32B,1.0,,,,,sí,sí,False
sino_003,sino,Qwen2.5-32B,1.0,,,,,no,no,False
sino_004,sino,Qwen2.5-32B,1.0,,,,,no,no,False
sino_005,sino,Qwen2.5-32B,1.0,,,,,sí,sí,False
sino_006,sino,Qwen2.5-32B,1.0,,,,,sí,sí,False
sino_007,sino,Qwen2.5-32B,1.0,,,,,no,no,False
sino_008,sino,Qwen2.5-32B,1.0,,,,,sí,sí,False
sino_009,sino,Qwen2.5-32B,1.0,,,,,no,no,False
sino_010,sino,Qwen2.5-32B,1.0,,,,,no,no,False
sino_011,sino,Qwen2.5-32B,1.0,,,,,no,no,False
sino_012,sino,Qwen2.5-32B,0.0,,,,,no,sí,False
sino_013,sino,Qwen2.5-32B,1.0,,,,,no,no,False
sino_014,sino,Qwen2.5-32B,1.0,,,,,no,no,False
sino_015,sino,Qwen2.5-32B,1.0,,,,,no,no,False
sino_016,sino,Qwen2.5-32B,1.0,,,,,no,no,False
sino_017,sino,Qwen2.5-32B,0.0,,,,,sí,no,False
sino_018,sino,Qwen2.5-32B,1.0,,,,,sí,sí,False
sino_019,sino,Qwen2.5-32B,1.0,,,,,no,no,False
sino_020,sino,Qwen2.5-32B,1.0,,,,,sí,sí,False
sino_021,sino,Qwen2.5-32B,1.0,,,,,no,no,False
sino_022,sino,Qwen2.5-32B,1.0,,,,,no,no,False
sino_024,sino,Qwen2.5-32B,1.0,,,,,no,no,False
sino_025,sino,Qwen2.5-32B,1.0,,,,,no,no,False
sino_026,sino,Qwen2.5-32B,1.0,,,,,sí,sí,False
sino_027,sino,Qwen2.5-32B,0.0,,,,,no,sí,False
sino_028,sino,Qwen2.5-32B,0.0,,,,,,no,False
sino_029,sino,Qwen2.5-32B,0.0,,,,,no,sí,False
sino_030,sino,Qwen2.5-32B,1.0,,,,,sí,sí,False
sino_031,sino,Qwen2.5-32B,1.0,,,,,sí,sí,False
sino_032,sino,Qwen2.5-32B,1.0,,,,,no,no,False
sino_033,sino,Qwen2.5-32B,1.0,,,,,sí,sí,False
sino_034,sino,Qwen2.5-32B,1.0,,,,,sí,sí,False
sino_035,sino,Qwen2.5-32B,1.0,,,,,no,no,False
sino_036,sino,Qwen2.5-32B,0.0,,,,,,sí,False
sino_037,sino,Qwen2.5-32B,1.0,,,,,no,no,False
sino_038,sino,Qwen2.5-32B,0.0,,,,,,no,False
sino_039,sino,Qwen2.5-32B,0.0,,,,,no,sí,False
sino_040,sino,Qwen2.5-32B,1.0,,,,,sí,sí,False
sino_041,sino,Qwen2.5-32B,1.0,,,,,sí,sí,False
sino_042,sino,Qwen2.5-32B,1.0,,,,,no,no,False
sino_043,sino,Qwen2.5-32B,1.0,,,,,sí,sí,False
sino_044,sino,Qwen2.5-32B,1.0,,,,,sí,sí,False
sino_045,sino,Qwen2.5-32B,1.0,,,,,no,no,False
sino_046,sino,Qwen2.5-32B,1.0,,,,,no,no,False
sino_047,sino,Qwen2.5-32B,1.0,,,,,no,no,False
sino_048,sino,Qwen2.5-32B,1.0,,,,,no,no,False
sino_049,sino,Qwen2.5-32B,0.0,,,,,no,sí,False
sino_050,sino,Qwen2.5-32B,1.0,,,,,sí,sí,False
sino_051,sino,Qwen2.5-32B,1.0,,,,,sí,sí,False
sino_052,sino,Qwen2.5-32B,0.0,,,,,no,sí,False
sino_053,sino,Qwen2.5-32B,1.0,,,,,no,no,False
sino_054,sino,Qwen2.5-32B,1.0,,,,,no,no,False
sino_055,sino,Qwen2.5-32B,1.0,,,,,no,no,False
sino_056,sino,Qwen2.5-32B,1.0,,,,,no,no,False
sino_057,sino,Qwen2.5-32B,0.0,,,,,,no,False
sino_058,sino,Qwen2.5-32B,1.0,,,,,sí,sí,False
sino_059,sino,Qwen2.5-32B,0.0,,,,,no,sí,False
sino_060,sino,Qwen2.5-32B,0.0,,,,,no,sí,False
sino_061,sino,Qwen2.5-32B,0.0,,,,,no,sí,False
sino_062,sino,Qwen2.5-32B,0.0,,,,,no,sí,False
sino_063,sino,Qwen2.5-32B,1.0,,,,,sí,sí,False
sino_064,sino,Qwen2.5-32B,0.0,,,,,no,sí,False
sino_065,sino,Qwen2.5-32B,1.0,,,,,sí,sí,False
sino_066,sino,Qwen2.5-32B,1.0,,,,,sí,sí,False
sino_067,sino,Qwen2.5-32B,1.0,,,,,sí,sí,False
sino_068,sino,Qwen2.5-32B,1.0,,,,,no,no,False
sino_069,sino,Qwen2.5-32B,1.0,,,,,sí,sí,False
sino_070,sino,Qwen2.5-32B,1.0,,,,,no,no,False
sino_071,sino,Qwen2.5-32B,1.0,,,,,no,no,False
sino_072,sino,Qwen2.5-32B,1.0,,,,,no,no,False
sino_073,sino,Qwen2.5-32B,1.0,,,,,sí,sí,False
sino_074,sino,Qwen2.5-32B,1.0,,,,,sí,sí,False
sino_075,sino,Qwen2.5-32B,1.0,,,,,no,no,False
sino_076,sino,Qwen2.5-32B,1.0,,,,,no,no,False
sino_077,sino,Qwen2.5-32B,1.0,,,,,no,no,False
sino_078,sino,Qwen2.5-32B,0.0,,,,,no,sí,False
sino_079,sino,Qwen2.5-32B,0.0,,,,,sí,no,False
sino_080,sino,Qwen2.5-32B,1.0,,,,,no,no,False
sino_081,sino,Qwen2.5-32B,1.0,,,,,sí,sí,False
sino_082,sino,Qwen2.5-32B,0.0,,,,,,no,False
sino_083,sino,Qwen2.5-32B,1.0,,,,,no,no,False
sino_084,sino,Qwen2.5-32B,1.0,,,,,sí,sí,False
sino_085,sino,Qwen2.5-32B,1.0,,,,,no,no,False
sino_086,sino,Qwen2.5-32B,1.0,,,,,no,no,False
sino_087,sino,Qwen2.5-32B,1.0,,,,,no,no,False
sino_088,sino,Qwen2.5-32B,1.0,,,,,no,no,False
sino_089,sino,Qwen2.5-32B,1.0,,,,,sí,sí,False
sino_090,sino,Qwen2.5-32B,1.0,,,,,no,no,False
sino_091,sino,Qwen2.5-32B,1.0,,,,,sí,sí,False
sino_092,sino,Qwen2.5-32B,1.0,,,,,no,no,False
sino_093,sino,Qwen2.5-32B,1.0,,,,,no,no,False
sino_094,sino,Qwen2.5-32B,0.0,,,,,sí,no,False
sino_095,sino,Qwen2.5-32B,1.0,,,,,sí,sí,False
sino_096,sino,Qwen2.5-32B,1.0,,,,,no,no,False
sino_097,sino,Qwen2.5-32B,1.0,,,,,sí,sí,False
sino_098,sino,Qwen2.5-32B,1.0,,,,,sí,sí,False
sino_099,sino,Qwen2.5-32B,0.0,,,,,no,sí,False
sino_100,sino,Qwen2.5-32B,1.0,,,,,sí,sí,False
corta_001,corta,Qwen2.5-32B,,0.19780219780219777,,,,,,False
corta_002,corta,Qwen2.5-32B,,0.3064516129032258,,,,,,False
corta_003,corta,Qwen2.5-32B,,0.09090909090909091,,,,,,False
corta_004,corta,Qwen2.5-32B,,0.18181818181818182,,,,,,False
corta_005,corta,Qwen2.5-32B,,0.45333333333333337,,,,,,False
corta_006,corta,Qwen2.5-32B,,0.7727272727272727,,,,,,False
corta_007,corta,Qwen2.5-32B,,0.1758241758241758,,,,,,False
corta_008,corta,Qwen2.5-32B,,0.13,,,,,,False
corta_009,corta,Qwen2.5-32B,,0.21333333333333332,,,,,,False
corta_010,corta,Qwen2.5-32B,,0.28070175438596495,,,,,,False
corta_011,corta,Qwen2.5-32B,,0.3333333333333333,,,,,,False
corta_012,corta,Qwen2.5-32B,,0.3137254901960784,,,,,,False
corta_013,corta,Qwen2.5-32B,,0.33898305084745756,,,,,,False
corta_014,corta,Qwen2.5-32B,,0.3684210526315789,,,,,,False
corta_015,corta,Qwen2.5-32B,,0.684931506849315,,,,,,False
corta_016,corta,Qwen2.5-32B,,0.2962962962962963,,,,,,False
corta_017,corta,Qwen2.5-32B,,0.4857142857142857,,,,,,False
corta_018,corta,Qwen2.5-32B,,0.17518248175182483,,,,,,False
corta_019,corta,Qwen2.5-32B,,0.2619047619047619,,,,,,False
corta_020,corta,Qwen2.5-32B,,0.44776119402985076,,,,,,False
corta_021,corta,Qwen2.5-32B,,0.34285714285714286,,,,,,False
corta_022,corta,Qwen2.5-32B,,0.31460674157303375,,,,,,False
corta_023,corta,Qwen2.5-32B,,0.6086956521739131,,,,,,False
corta_024,corta,Qwen2.5-32B,,0.3582089552238806,,,,,,False
corta_025,corta,Qwen2.5-32B,,0.5714285714285714,,,,,,False
corta_026,corta,Qwen2.5-32B,,0.409090909090909,,,,,,False
corta_027,corta,Qwen2.5-32B,,0.2807017543859649,,,,,,False
corta_028,corta,Qwen2.5-32B,,0.4,,,,,,False
corta_029,corta,Qwen2.5-32B,,0.1794871794871795,,,,,,False
corta_030,corta,Qwen2.5-32B,,0.22727272727272724,,,,,,False
corta_031,corta,Qwen2.5-32B,,0.7200000000000001,,,,,,False
corta_032,corta,Qwen2.5-32B,,0.75,,,,,,False
corta_033,corta,Qwen2.5-32B,,0.20689655172413793,,,,,,False
corta_034,corta,Qwen2.5-32B,,0.18556701030927836,,,,,,False
corta_035,corta,Qwen2.5-32B,,0.2747252747252747,,,,,,False
corta_036,corta,Qwen2.5-32B,,0.7368421052631577,,,,,,False
corta_037,corta,Qwen2.5-32B,,0.28571428571428575,,,,,,False
corta_038,corta,Qwen2.5-32B,,0.48148148148148145,,,,,,False
corta_039,corta,Qwen2.5-32B,,0.523076923076923,,,,,,False
corta_040,corta,Qwen2.5-32B,,0.2,,,,,,False
corta_041,corta,Qwen2.5-32B,,0.24817518248175185,,,,,,False
corta_042,corta,Qwen2.5-32B,,0.1724137931034483,,,,,,False
corta_043,corta,Qwen2.5-32B,,0.12987012987012989,,,,,,False
corta_044,corta,Qwen2.5-32B,,0.22413793103448276,,,,,,False
corta_045,corta,Qwen2.5-32B,,0.7142857142857143,,,,,,False
corta_046,corta,Qwen2.5-32B,,0.21428571428571427,,,,,,False
corta_047,corta,Qwen2.5-32B,,0.37499999999999994,,,,,,False
corta_048,corta,Qwen2.5-32B,,0.3111111111111111,,,,,,False
corta_049,corta,Qwen2.5-32B,,0.45714285714285713,,,,,,False
corta_050,corta,Qwen2.5-32B,,0.6285714285714286,,,,,,False
corta_051,corta,Qwen2.5-32B,,0.7407407407407406,,,,,,False
corta_052,corta,Qwen2.5-32B,,0.5454545454545454,,,,,,False
corta_053,corta,Qwen2.5-32B,,0.3448275862068966,,,,,,False
corta_054,corta,Qwen2.5-32B,,0.20779220779220778,,,,,,False
corta_055,corta,Qwen2.5-32B,,0.5142857142857143,,,,,,False
corta_056,corta,Qwen2.5-32B,,0.3636363636363636,,,,,,False
corta_057,corta,Qwen2.5-32B,,0.4000000000000001,,,,,,False
corta_058,corta,Qwen2.5-32B,,0.40625000000000006,,,,,,False
corta_059,corta,Qwen2.5-32B,,0.3076923076923077,,,,,,False
corta_060,corta,Qwen2.5-32B,,0.5714285714285715,,,,,,False
corta_061,corta,Qwen2.5-32B,,0.3636363636363636,,,,,,False
corta_062,corta,Qwen2.5-32B,,0.13793103448275862,,,,,,False
corta_063,corta,Qwen2.5-32B,,0.11267605633802816,,,,,,False
corta_064,corta,Qwen2.5-32B,,0.4489795918367347,,,,,,False
corta_065,corta,Qwen2.5-32B,,0.24691358024691354,,,,,,False
corta_066,corta,Qwen2.5-32B,,0.28865979381443296,,,,,,False
corta_067,corta,Qwen2.5-32B,,0.16666666666666666,,,,,,False
corta_068,corta,Qwen2.5-32B,,0.16783216783216784,,,,,,False
corta_069,corta,Qwen2.5-32B,,0.33333333333333337,,,,,,False
corta_070,corta,Qwen2.5-32B,,0.64,,,,,,False
corta_071,corta,Qwen2.5-32B,,0.1818181818181818,,,,,,False
corta_072,corta,Qwen2.5-32B,,0.24761904761904763,,,,,,False
corta_073,corta,Qwen2.5-32B,,0.2558139534883721,,,,,,False
corta_074,corta,Qwen2.5-32B,,0.2823529411764706,,,,,,False
corta_075,corta,Qwen2.5-32B,,0.30303030303030304,,,,,,False
corta_076,corta,Qwen2.5-32B,,0.22727272727272727,,,,,,False
corta_077,corta,Qwen2.5-32B,,0.22500000000000003,,,,,,False
corta_078,corta,Qwen2.5-32B,,0.3404255319148936,,,,,,False
corta_079,corta,Qwen2.5-32B,,0.17500000000000002,,,,,,False
corta_080,corta,Qwen2.5-32B,,0.2635658914728682,,,,,,False
corta_081,corta,Qwen2.5-32B,,0.29729729729729726,,,,,,False
corta_082,corta,Qwen2.5-32B,,0.41463414634146345,,,,,,False
corta_083,corta,Qwen2.5-32B,,0.3,,,,,,False
corta_084,corta,Qwen2.5-32B,,0.3255813953488372,,,,,,False
corta_085,corta,Qwen2.5-32B,,0.30769230769230765,,,,,,False
corta_086,corta,Qwen2.5-32B,,0.35294117647058826,,,,,,False
corta_087,corta,Qwen2.5-32B,,0.15625,,,,,,False
corta_088,corta,Qwen2.5-32B,,0.30769230769230765,,,,,,False
corta_089,corta,Qwen2.5-32B,,0.2545454545454545,,,,,,False
corta_090,corta,Qwen2.5-32B,,0.4878048780487805,,,,,,False
corta_091,corta,Qwen2.5-32B,,0.25,,,,,,False
corta_092,corta,Qwen2.5-32B,,0.1437125748502994,,,,,,False
corta_093,corta,Qwen2.5-32B,,0.13559322033898308,,,,,,False
corta_094,corta,Qwen2.5-32B,,0.15,,,,,,False
corta_095,corta,Qwen2.5-32B,,0.6666666666666666,,,,,,False
corta_096,corta,Qwen2.5-32B,,0.3025210084033613,,,,,,False
corta_097,corta,Qwen2.5-32B,,0.26804123711340205,,,,,,False
corta_098,corta,Qwen2.5-32B,,0.2916666666666667,,,,,,False
corta_099,corta,Qwen2.5-32B,,0.224,,,,,,False
corta_100,corta,Qwen2.5-32B,,0.35789473684210527,,,,,,False
abierta_001,abierta,Qwen2.5-32B,,,0.226964071393013,0.225130890052356,0.29120662089720684,,,False
abierta_002,abierta,Qwen2.5-32B,,,0.19811861217021942,0.18947368421052632,0.2768886155716784,,,False
abierta_003,abierta,Qwen2.5-32B,,,0.20036332309246063,0.18303571428571427,0.30741029824576976,,,False
abierta_004,abierta,Qwen2.5-32B,,,0.20210608839988708,0.1473684210526316,0.245889496439471,,,False
abierta_005,abierta,Qwen2.5-32B,,,0.17350637912750244,0.22794117647058826,0.33163714731434407,,,False
abierta_006,abierta,Qwen2.5-32B,,,0.24141694605350494,0.19907407407407407,0.3453110280628688,,,False
abierta_007,abierta,Qwen2.5-32B,,,0.28804779052734375,0.18115942028985507,0.2728963523170298,,,False
abierta_008,abierta,Qwen2.5-32B,,,0.1606445461511612,0.15294117647058825,0.21818181818181817,,,False
abierta_009,abierta,Qwen2.5-32B,,,0.276547372341156,0.21710526315789475,0.2720999621838089,,,False
abierta_010,abierta,Qwen2.5-32B,,,0.22346125543117523,0.2366863905325444,0.23426059654631087,,,False
abierta_011,abierta,Qwen2.5-32B,,,0.20172995328903198,0.25120772946859904,0.3125524127310474,,,False
abierta_012,abierta,Qwen2.5-32B,,,0.24513372778892517,0.15736040609137056,0.29406640782302157,,,False
abierta_013,abierta,Qwen2.5-32B,,,0.2342240810394287,0.2325581395348837,0.314342574394327,,,False
abierta_014,abierta,Qwen2.5-32B,,,0.19683052599430084,0.16931216931216933,0.21865532457579417,,,False
abierta_015,abierta,Qwen2.5-32B,,,0.16153907775878906,0.11920529801324503,0.11631989002268578,,,False
abierta_016,abierta,Qwen2.5-32B,,,0.21741388738155365,0.21798365122615804,0.3275824829931972,,,False
abierta_017,abierta,Qwen2.5-32B,,,0.17851972579956055,0.21097046413502113,0.2719894653325693,,,False
abierta_018,abierta,Qwen2.5-32B,,,0.1658177673816681,0.26506024096385544,0.2581819030846408,,,False
abierta_019,abierta,Qwen2.5-32B,,,0.19845840334892273,0.2146341463414634,0.2865741124804256,,,False
abierta_020,abierta,Qwen2.5-32B,,,0.22783659398555756,0.22222222222222224,0.1924192190078203,,,False
abierta_021,abierta,Qwen2.5-32B,,,0.23888786137104034,0.18095238095238095,0.3017273986967269,,,False
abierta_022,abierta,Qwen2.5-32B,,,0.2213384509086609,0.17948717948717946,0.27471632626416576,,,False
abierta_023,abierta,Qwen2.5-32B,,,0.062368057668209076,0.16216216216216214,0.15831705842691404,,,False
abierta_024,abierta,Qwen2.5-32B,,,0.06449183821678162,0.18867924528301885,0.2955462085026497,,,False
abierta_025,abierta,Qwen2.5-32B,,,0.1879957616329193,0.21276595744680854,0.3635429524695126,,,False
abierta_026,abierta,Qwen2.5-32B,,,0.10949186980724335,0.15853658536585366,0.24118738404452694,,,False
abierta_027,abierta,Qwen2.5-32B,,,0.12148818373680115,0.17937219730941703,0.27926761132543443,,,False
abierta_028,abierta,Qwen2.5-32B,,,0.14068616926670074,0.15425531914893617,0.23804136690647487,,,False
abierta_029,abierta,Qwen2.5-32B,,,0.26995179057121277,0.27312775330396477,0.2783925625304701,,,False
abierta_030,abierta,Qwen2.5-32B,,,0.20374423265457153,0.18991097922848665,0.2772473249729642,,,False
abierta_031,abierta,Qwen2.5-32B,,,0.3339100778102875,0.23107569721115537,0.3801439485757072,,,False
abierta_032,abierta,Qwen2.5-32B,,,0.17037546634674072,0.16216216216216217,0.10841009236777535,,,False
abierta_033,abierta,Qwen2.5-32B,,,0.17818140983581543,0.1825726141078838,0.20189085218752037,,,False
abierta_034,abierta,Qwen2.5-32B,,,0.4033658802509308,0.27819548872180455,0.3413348382937896,,,False
abierta_035,abierta,Qwen2.5-32B,,,0.32141444087028503,0.1509433962264151,0.314512352183585,,,False
abierta_036,abierta,Qwen2.5-32B,,,0.1557328999042511,0.16722408026755853,0.30736876093722854,,,False
abierta_037,abierta,Qwen2.5-32B,,,0.2822412848472595,0.23478260869565218,0.25468967013888894,,,False
abierta_038,abierta,Qwen2.5-32B,,,0.21273070573806763,0.18238993710691823,0.2997907968494363,,,False
abierta_039,abierta,Qwen2.5-32B,,,0.07990997284650803,0.1489971346704871,0.225,,,False
abierta_040,abierta,Qwen2.5-32B,,,0.1719883531332016,0.18548387096774194,0.1940298507462687,,,False
abierta_041,abierta,Qwen2.5-32B,,,0.28629931807518005,0.25125628140703515,0.27430075783905666,,,False
abierta_042,abierta,Qwen2.5-32B,,,0.1542070358991623,0.1456953642384106,0.12935883014623173,,,False
abierta_043,abierta,Qwen2.5-32B,,,0.30002453923225403,0.2527472527472528,0.2495876372289222,,,False
abierta_044,abierta,Qwen2.5-32B,,,0.19507113099098206,0.19444444444444442,0.355358807082945,,,False
abierta_045,abierta,Qwen2.5-32B,,,0.22482627630233765,0.18623481781376516,0.26930597305722553,,,False
abierta_046,abierta,Qwen2.5-32B,,,0.15848280489444733,0.15517241379310345,0.13580129876285726,,,False
abierta_047,abierta,Qwen2.5-32B,,,0.2356238067150116,0.2280701754385965,0.17971246006389774,,,False
abierta_048,abierta,Qwen2.5-32B,,,0.06359829753637314,0.1878172588832487,0.27929355862962757,,,False
abierta_049,abierta,Qwen2.5-32B,,,0.1781061291694641,0.1693121693121693,0.10633714721586579,,,False
abierta_050,abierta,Qwen2.5-32B,,,0.280038446187973,0.2534435261707989,0.37998143091561604,,,False
abierta_051,abierta,Qwen2.5-32B,,,0.4003705680370331,0.3191489361702127,0.3198251898120885,,,False
abierta_052,abierta,Qwen2.5-32B,,,0.31350335478782654,0.2857142857142857,0.35855240624522466,,,False
abierta_053,abierta,Qwen2.5-32B,,,0.11797771602869034,0.14159292035398233,0.12203876525484567,,,False
abierta_054,abierta,Qwen2.5-32B,,,0.17989109456539154,0.22299651567944248,0.23970236298017986,,,False
abierta_055,abierta,Qwen2.5-32B,,,0.1444823145866394,0.13756613756613756,0.1291713942567043,,,False
abierta_056,abierta,Qwen2.5-32B,,,0.2152143269777298,0.26459143968871596,0.23943129477109018,,,False
abierta_057,abierta,Qwen2.5-32B,,,0.15974824130535126,0.2450980392156863,0.28339807318530674,,,False
abierta_058,abierta,Qwen2.5-32B,,,0.17291872203350067,0.187192118226601,0.19763846090586737,,,False
abierta_059,abierta,Qwen2.5-32B,,,0.17989811301231384,0.16260162601626016,0.20084607129274215,,,False
abierta_060,abierta,Qwen2.5-32B,,,0.3588223159313202,0.3261538461538462,0.3046198048271446,,,False
abierta_061,abierta,Qwen2.5-32B,,,0.12859369814395905,0.23367697594501718,0.22848207384505617,,,False
abierta_062,abierta,Qwen2.5-32B,,,0.20744390785694122,0.20462046204620463,0.2617833435871867,,,False
abierta_063,abierta,Qwen2.5-32B,,,0.26822760701179504,0.2700729927007299,0.3091924448862639,,,False
abierta_064,abierta,Qwen2.5-32B,,,0.2685236930847168,0.25170068027210885,0.3302915204925448,,,False
abierta_065,abierta,Qwen2.5-32B,,,0.1587367057800293,0.15873015873015875,0.10801131062513707,,,False
abierta_066,abierta,Qwen2.5-32B,,,0.30728569626808167,0.2606516290726817,0.3294030739444713,,,False
abierta_067,abierta,Qwen2.5-32B,,,0.2943510115146637,0.2459016393442623,0.2783243715340987,,,False
abierta_068,abierta,Qwen2.5-32B,,,0.16065222024917603,0.1492537313432836,0.09399855386840203,,,False
abierta_069,abierta,Qwen2.5-32B,,,0.21590888500213623,0.21705426356589147,0.241594479518426,,,False
abierta_070,abierta,Qwen2.5-32B,,,0.1919604241847992,0.17460317460317462,0.20803846816179955,,,False
abierta_071,abierta,Qwen2.5-32B,,,0.3085640072822571,0.19112627986348124,0.21817890291709902,,,False
abierta_072,abierta,Qwen2.5-32B,,,0.26946336030960083,0.21768707482993194,0.26698744481236203,,,False
abierta_073,abierta,Qwen2.5-32B,,,0.2174694538116455,0.17142857142857146,0.15575627681652876,,,False
abierta_074,abierta,Qwen2.5-32B,,,0.37901049852371216,0.3940520446096655,0.3993069604822227,,,False
abierta_075,abierta,Qwen2.5-32B,,,0.16559287905693054,0.1553398058252427,0.11450753392535665,,,False
abierta_076,abierta,Qwen2.5-32B,,,0.2627926468849182,0.1884057971014493,0.26315526210484197,,,False
abierta_077,abierta,Qwen2.5-32B,,,0.15337736904621124,0.160427807486631,0.11634950697450695,,,False
abierta_078,abierta,Qwen2.5-32B,,,0.192889004945755,0.17910447761194032,0.17916575080736521,,,False
abierta_079,abierta,Qwen2.5-32B,,,0.2918913662433624,0.19895287958115185,0.28915087719298244,,,False
abierta_080,abierta,Qwen2.5-32B,,,0.24255478382110596,0.1810344827586207,0.19680745587943688,,,False
abierta_081,abierta,Qwen2.5-32B,,,0.25160855054855347,0.23598820058997053,0.31901904865849584,,,False
abierta_082,abierta,Qwen2.5-32B,,,0.3160891532897949,0.21505376344086022,0.27568706727040493,,,False
abierta_083,abierta,Qwen2.5-32B,,,0.169266477227211,0.20963172804532582,0.36285198655222217,,,False
abierta_084,abierta,Qwen2.5-32B,,,0.2720462381839752,0.2092457420924574,0.3638653928234918,,,False
abierta_085,abierta,Qwen2.5-32B,,,0.19933092594146729,0.2445141065830721,0.36010144913165587,,,False
abierta_086,abierta,Qwen2.5-32B,,,0.23136857151985168,0.21359223300970878,0.20422335600907032,,,False
abierta_087,abierta,Qwen2.5-32B,,,0.16108489036560059,0.20689655172413793,0.15833333333333333,,,False
abierta_088,abierta,Qwen2.5-32B,,,0.30047139525413513,0.2647058823529412,0.3039256677968775,,,False
abierta_089,abierta,Qwen2.5-32B,,,0.31869760155677795,0.2076923076923077,0.3189701183624872,,,False
abierta_090,abierta,Qwen2.5-32B,,,0.2153812050819397,0.15300546448087432,0.12422360248447205,,,False
abierta_091,abierta,Qwen2.5-32B,,,0.20509521663188934,0.13186813186813187,0.15119094471892022,,,False
abierta_092,abierta,Qwen2.5-32B,,,0.1618804931640625,0.2154696132596685,0.2434942044639697,,,False
abierta_093,abierta,Qwen2.5-32B,,,0.37102529406547546,0.23899371069182387,0.3388936302960854,,,False
abierta_094,abierta,Qwen2.5-32B,,,0.29846689105033875,0.23574144486692014,0.32234248965794965,,,False
abierta_095,abierta,Qwen2.5-32B,,,0.19149726629257202,0.20207253886010362,0.2905713242468976,,,False
abierta_096,abierta,Qwen2.5-32B,,,0.2807468771934509,0.2375478927203065,0.26410263159881625,,,False
abierta_097,abierta,Qwen2.5-32B,,,0.3144911229610443,0.2508250825082508,0.3021035380347635,,,False
abierta_098,abierta,Qwen2.5-32B,,,0.3573962152004242,0.2737642585551331,0.2807980892407172,,,False
abierta_099,abierta,Qwen2.5-32B,,,0.2026151865720749,0.28571428571428575,0.21972612041647807,,,False
abierta_100,abierta,Qwen2.5-32B,,,0.2707802951335907,0.2457002457002457,0.36623886559011765,,,False
sino_001,sino,Llama3.3-70B,1.0,,,,,no,no,False
sino_002,sino,Llama3.3-70B,1.0,,,,,sí,sí,False
sino_003,sino,Llama3.3-70B,1.0,,,,,no,no,False
sino_004,sino,Llama3.3-70B,1.0,,,,,no,no,False
sino_005,sino,Llama3.3-70B,1.0,,,,,sí,sí,False
sino_006,sino,Llama3.3-70B,1.0,,,,,sí,sí,False
sino_007,sino,Llama3.3-70B,1.0,,,,,no,no,False
sino_008,sino,Llama3.3-70B,1.0,,,,,sí,sí,False
sino_009,sino,Llama3.3-70B,1.0,,,,,no,no,False
sino_010,sino,Llama3.3-70B,1.0,,,,,no,no,False
sino_011,sino,Llama3.3-70B,1.0,,,,,no,no,False
sino_012,sino,Llama3.3-70B,0.0,,,,,,sí,False
sino_013,sino,Llama3.3-70B,1.0,,,,,no,no,False
sino_014,sino,Llama3.3-70B,1.0,,,,,no,no,False
sino_015,sino,Llama3.3-70B,1.0,,,,,no,no,False
sino_016,sino,Llama3.3-70B,1.0,,,,,no,no,False
sino_017,sino,Llama3.3-70B,0.0,,,,,sí,no,False
sino_018,sino,Llama3.3-70B,1.0,,,,,sí,sí,False
sino_019,sino,Llama3.3-70B,1.0,,,,,no,no,False
sino_020,sino,Llama3.3-70B,1.0,,,,,sí,sí,False
sino_021,sino,Llama3.3-70B,1.0,,,,,no,no,False
sino_022,sino,Llama3.3-70B,1.0,,,,,no,no,False
sino_024,sino,Llama3.3-70B,1.0,,,,,no,no,False
sino_025,sino,Llama3.3-70B,1.0,,,,,no,no,False
sino_026,sino,Llama3.3-70B,1.0,,,,,sí,sí,False
sino_027,sino,Llama3.3-70B,0.0,,,,,,sí,False
sino_028,sino,Llama3.3-70B,1.0,,,,,no,no,False
sino_029,sino,Llama3.3-70B,0.0,,,,,,sí,False
sino_030,sino,Llama3.3-70B,1.0,,,,,sí,sí,False
sino_031,sino,Llama3.3-70B,1.0,,,,,sí,sí,False
sino_032,sino,Llama3.3-70B,1.0,,,,,no,no,False
sino_033,sino,Llama3.3-70B,0.0,,,,,,sí,False
sino_034,sino,Llama3.3-70B,1.0,,,,,sí,sí,False
sino_035,sino,Llama3.3-70B,1.0,,,,,no,no,False
sino_036,sino,Llama3.3-70B,1.0,,,,,sí,sí,False
sino_037,sino,Llama3.3-70B,1.0,,,,,no,no,False
sino_038,sino,Llama3.3-70B,0.0,,,,,,no,False
sino_039,sino,Llama3.3-70B,0.0,,,,,no,sí,False
sino_040,sino,Llama3.3-70B,1.0,,,,,sí,sí,False
sino_041,sino,Llama3.3-70B,1.0,,,,,sí,sí,False
sino_042,sino,Llama3.3-70B,1.0,,,,,no,no,False
sino_043,sino,Llama3.3-70B,1.0,,,,,sí,sí,False
sino_044,sino,Llama3.3-70B,1.0,,,,,sí,sí,False
sino_045,sino,Llama3.3-70B,1.0,,,,,no,no,False
sino_046,sino,Llama3.3-70B,1.0,,,,,no,no,False
sino_047,sino,Llama3.3-70B,1.0,,,,,no,no,False
sino_048,sino,Llama3.3-70B,1.0,,,,,no,no,False
sino_049,sino,Llama3.3-70B,1.0,,,,,sí,sí,False
sino_050,sino,Llama3.3-70B,1.0,,,,,sí,sí,False
sino_051,sino,Llama3.3-70B,1.0,,,,,sí,sí,False
sino_052,sino,Llama3.3-70B,0.0,,,,,no,sí,False
sino_053,sino,Llama3.3-70B,1.0,,,,,no,no,False
sino_054,sino,Llama3.3-70B,1.0,,,,,no,no,False
sino_055,sino,Llama3.3-70B,1.0,,,,,no,no,False
sino_056,sino,Llama3.3-70B,1.0,,,,,no,no,False
sino_057,sino,Llama3.3-70B,1.0,,,,,no,no,False
sino_058,sino,Llama3.3-70B,1.0,,,,,sí,sí,False
sino_059,sino,Llama3.3-70B,1.0,,,,,sí,sí,False
sino_060,sino,Llama3.3-70B,0.0,,,,,no,sí,False
sino_061,sino,Llama3.3-70B,0.0,,,,,no,sí,False
sino_062,sino,Llama3.3-70B,0.0,,,,,no,sí,False
sino_063,sino,Llama3.3-70B,0.0,,,,,,sí,False
sino_064,sino,Llama3.3-70B,1.0,,,,,sí,sí,False
sino_065,sino,Llama3.3-70B,1.0,,,,,sí,sí,False
sino_066,sino,Llama3.3-70B,1.0,,,,,sí,sí,False
sino_067,sino,Llama3.3-70B,1.0,,,,,sí,sí,False
sino_068,sino,Llama3.3-70B,1.0,,,,,no,no,False
sino_069,sino,Llama3.3-70B,1.0,,,,,sí,sí,False
sino_070,sino,Llama3.3-70B,1.0,,,,,no,no,False
sino_071,sino,Llama3.3-70B,1.0,,,,,no,no,False
sino_072,sino,Llama3.3-70B,1.0,,,,,no,no,False
sino_073,sino,Llama3.3-70B,1.0,,,,,sí,sí,False
sino_074,sino,Llama3.3-70B,0.0,,,,,no,sí,False
sino_075,sino,Llama3.3-70B,0.0,,,,,,no,False
sino_076,sino,Llama3.3-70B,1.0,,,,,no,no,False
sino_077,sino,Llama3.3-70B,1.0,,,,,no,no,False
sino_078,sino,Llama3.3-70B,0.0,,,,,no,sí,False
sino_079,sino,Llama3.3-70B,1.0,,,,,no,no,False
sino_080,sino,Llama3.3-70B,1.0,,,,,no,no,False
sino_081,sino,Llama3.3-70B,1.0,,,,,sí,sí,False
sino_082,sino,Llama3.3-70B,0.0,,,,,,no,False
sino_083,sino,Llama3.3-70B,1.0,,,,,no,no,False
sino_084,sino,Llama3.3-70B,1.0,,,,,sí,sí,False
sino_085,sino,Llama3.3-70B,1.0,,,,,no,no,False
sino_086,sino,Llama3.3-70B,1.0,,,,,no,no,False
sino_087,sino,Llama3.3-70B,1.0,,,,,no,no,False
sino_088,sino,Llama3.3-70B,1.0,,,,,no,no,False
sino_089,sino,Llama3.3-70B,1.0,,,,,sí,sí,False
sino_090,sino,Llama3.3-70B,0.0,,,,,sí,no,False
sino_091,sino,Llama3.3-70B,1.0,,,,,sí,sí,False
sino_092,sino,Llama3.3-70B,1.0,,,,,no,no,False
sino_093,sino,Llama3.3-70B,1.0,,,,,no,no,False
sino_094,sino,Llama3.3-70B,0.0,,,,,sí,no,False
sino_095,sino,Llama3.3-70B,1.0,,,,,sí,sí,False
sino_096,sino,Llama3.3-70B,1.0,,,,,no,no,False
sino_097,sino,Llama3.3-70B,1.0,,,,,sí,sí,False
sino_098,sino,Llama3.3-70B,1.0,,,,,sí,sí,False
sino_099,sino,Llama3.3-70B,0.0,,,,,,sí,False
sino_100,sino,Llama3.3-70B,1.0,,,,,sí,sí,False
corta_001,corta,Llama3.3-70B,,0.15730337078651688,,,,,,False
corta_002,corta,Llama3.3-70B,,0.15197568389057753,,,,,,False
corta_003,corta,Llama3.3-70B,,0.08,,,,,,False
corta_004,corta,Llama3.3-70B,,0.1693121693121693,,,,,,False
corta_005,corta,Llama3.3-70B,,0.6666666666666666,,,,,,False
corta_006,corta,Llama3.3-70B,,0.41379310344827586,,,,,,False
corta_007,corta,Llama3.3-70B,,0.2666666666666667,,,,,,False
corta_008,corta,Llama3.3-70B,,0.12068965517241378,,,,,,False
corta_009,corta,Llama3.3-70B,,0.2429906542056075,,,,,,False
corta_010,corta,Llama3.3-70B,,0.24000000000000005,,,,,,False
corta_011,corta,Llama3.3-70B,,0.375,,,,,,False
corta_012,corta,Llama3.3-70B,,0.06451612903225806,,,,,,False
corta_013,corta,Llama3.3-70B,,0.4571428571428572,,,,,,False
corta_014,corta,Llama3.3-70B,,0.2727272727272727,,,,,,False
corta_015,corta,Llama3.3-70B,,0.7761194029850746,,,,,,False
corta_016,corta,Llama3.3-70B,,0.3414634146341463,,,,,,False
corta_017,corta,Llama3.3-70B,,0.3611111111111111,,,,,,False
corta_018,corta,Llama3.3-70B,,0.20289855072463767,,,,,,False
corta_019,corta,Llama3.3-70B,,0.32967032967032966,,,,,,False
corta_020,corta,Llama3.3-70B,,0.3820224719101123,,,,,,False
corta_021,corta,Llama3.3-70B,,0.3243243243243243,,,,,,False
corta_022,corta,Llama3.3-70B,,0.46153846153846156,,,,,,False
corta_023,corta,Llama3.3-70B,,0.6086956521739131,,,,,,False
corta_024,corta,Llama3.3-70B,,0.18750000000000003,,,,,,False
corta_025,corta,Llama3.3-70B,,0.4897959183673469,,,,,,False
corta_026,corta,Llama3.3-70B,,0.15384615384615383,,,,,,False
corta_027,corta,Llama3.3-70B,,0.22754491017964068,,,,,,False
corta_028,corta,Llama3.3-70B,,0.2857142857142857,,,,,,False
corta_029,corta,Llama3.3-70B,,0.6229508196721311,,,,,,False
corta_030,corta,Llama3.3-70B,,0.21818181818181817,,,,,,False
corta_031,corta,Llama3.3-70B,,0.7200000000000001,,,,,,False
corta_032,corta,Llama3.3-70B,,0.7323943661971831,,,,,,False
corta_033,corta,Llama3.3-70B,,0.23076923076923078,,,,,,False
corta_034,corta,Llama3.3-70B,,0.15238095238095237,,,,,,False
corta_035,corta,Llama3.3-70B,,0.30208333333333337,,,,,,False
corta_036,corta,Llama3.3-70B,,0.7368421052631577,,,,,,False
corta_037,corta,Llama3.3-70B,,0.28571428571428575,,,,,,False
corta_038,corta,Llama3.3-70B,,0.35616438356164387,,,,,,False
corta_039,corta,Llama3.3-70B,,0.5070422535211268,,,,,,False
corta_040,corta,Llama3.3-70B,,0.22784810126582278,,,,,,False
corta_041,corta,Llama3.3-70B,,0.23157894736842108,,,,,,False
corta_042,corta,Llama3.3-70B,,0.23333333333333336,,,,,,False
corta_043,corta,Llama3.3-70B,,0.6363636363636364,,,,,,False
corta_044,corta,Llama3.3-70B,,0.2417582417582418,,,,,,False
corta_045,corta,Llama3.3-70B,,0.6382978723404255,,,,,,False
corta_046,corta,Llama3.3-70B,,0.17391304347826086,,,,,,False
corta_047,corta,Llama3.3-70B,,0.6086956521739131,,,,,,False
corta_048,corta,Llama3.3-70B,,0.6923076923076923,,,,,,False
corta_049,corta,Llama3.3-70B,,0.41379310344827586,,,,,,False
corta_050,corta,Llama3.3-70B,,0.43137254901960786,,,,,,False
corta_051,corta,Llama3.3-70B,,0.6896551724137931,,,,,,False
corta_052,corta,Llama3.3-70B,,0.3835616438356165,,,,,,False
corta_053,corta,Llama3.3-70B,,0.26373626373626374,,,,,,False
corta_054,corta,Llama3.3-70B,,0.19444444444444448,,,,,,False
corta_055,corta,Llama3.3-70B,,0.5555555555555556,,,,,,False
corta_056,corta,Llama3.3-70B,,0.3636363636363636,,,,,,False
corta_057,corta,Llama3.3-70B,,0.5128205128205129,,,,,,False
corta_058,corta,Llama3.3-70B,,0.4507042253521127,,,,,,False
corta_059,corta,Llama3.3-70B,,0.09090909090909091,,,,,,False
corta_060,corta,Llama3.3-70B,,0.5714285714285715,,,,,,False
corta_061,corta,Llama3.3-70B,,0.3,,,,,,False
corta_062,corta,Llama3.3-70B,,0.13793103448275862,,,,,,False
corta_063,corta,Llama3.3-70B,,0.14545454545454545,,,,,,False
corta_064,corta,Llama3.3-70B,,0.5,,,,,,False
corta_065,corta,Llama3.3-70B,,0.16129032258064516,,,,,,False
corta_066,corta,Llama3.3-70B,,0.4722222222222222,,,,,,False
corta_067,corta,Llama3.3-70B,,0.0625,,,,,,False
corta_068,corta,Llama3.3-70B,,0.29752066115702475,,,,,,False
corta_069,corta,Llama3.3-70B,,0.42857142857142855,,,,,,False
corta_070,corta,Llama3.3-70B,,0.5172413793103449,,,,,,False
corta_071,corta,Llama3.3-70B,,0.18518518518518517,,,,,,False
corta_072,corta,Llama3.3-70B,,0.16666666666666669,,,,,,False
corta_073,corta,Llama3.3-70B,,0.27027027027027023,,,,,,False
corta_074,corta,Llama3.3-70B,,0.32499999999999996,,,,,,False
corta_075,corta,Llama3.3-70B,,0.30303030303030304,,,,,,False
corta_076,corta,Llama3.3-70B,,0.21505376344086022,,,,,,False
corta_077,corta,Llama3.3-70B,,0.1730769230769231,,,,,,False
corta_078,corta,Llama3.3-70B,,0.3125,,,,,,False
corta_079,corta,Llama3.3-70B,,0.3440860215053763,,,,,,False
corta_080,corta,Llama3.3-70B,,0.5882352941176471,,,,,,False
corta_081,corta,Llama3.3-70B,,0.44776119402985076,,,,,,False
corta_082,corta,Llama3.3-70B,,0.3917525773195876,,,,,,False
corta_083,corta,Llama3.3-70B,,0.2790697674418604,,,,,,False
corta_084,corta,Llama3.3-70B,,0.36842105263157887,,,,,,False
corta_085,corta,Llama3.3-70B,,0.23728813559322035,,,,,,False
corta_086,corta,Llama3.3-70B,,0.3448275862068966,,,,,,False
corta_087,corta,Llama3.3-70B,,0.060402684563758385,,,,,,False
corta_088,corta,Llama3.3-70B,,0.2736842105263158,,,,,,False
corta_089,corta,Llama3.3-70B,,0.22857142857142856,,,,,,False
corta_090,corta,Llama3.3-70B,,0.4878048780487805,,,,,,False
corta_091,corta,Llama3.3-70B,,0.4285714285714286,,,,,,False
corta_092,corta,Llama3.3-70B,,0.18543046357615894,,,,,,False
corta_093,corta,Llama3.3-70B,,0.21176470588235297,,,,,,False
corta_094,corta,Llama3.3-70B,,0.15254237288135591,,,,,,False
corta_095,corta,Llama3.3-70B,,0.5405405405405405,,,,,,False
corta_096,corta,Llama3.3-70B,,0.27586206896551724,,,,,,False
corta_097,corta,Llama3.3-70B,,0.3023255813953488,,,,,,False
corta_098,corta,Llama3.3-70B,,0.4375,,,,,,False
corta_099,corta,Llama3.3-70B,,0.1187214611872146,,,,,,False
corta_100,corta,Llama3.3-70B,,0.20833333333333334,,,,,,False
abierta_001,abierta,Llama3.3-70B,,,0.20307166874408722,0.18683651804670914,0.29631966077012717,,,False
abierta_002,abierta,Llama3.3-70B,,,0.11527149379253387,0.17067833698030635,0.28388575980131175,,,False
abierta_003,abierta,Llama3.3-70B,,,0.21169553697109222,0.16926503340757237,0.3050846261701555,,,False
abierta_004,abierta,Llama3.3-70B,,,0.1891782581806183,0.14726840855106887,0.3051021738685907,,,False
abierta_005,abierta,Llama3.3-70B,,,0.2297636717557907,0.1914357682619647,0.2517453022987293,,,False
abierta_006,abierta,Llama3.3-70B,,,0.16238749027252197,0.17634408602150536,0.27686977010590946,,,False
abierta_007,abierta,Llama3.3-70B,,,0.25270500779151917,0.17889908256880735,0.30662919132149896,,,False
abierta_008,abierta,Llama3.3-70B,,,0.04368896409869194,0.125,0.22262024924956608,,,False
abierta_009,abierta,Llama3.3-70B,,,0.2725115120410919,0.19682539682539682,0.275105663567202,,,False
abierta_010,abierta,Llama3.3-70B,,,0.2104521095752716,0.2119205298013245,0.20596095855434085,,,False
abierta_011,abierta,Llama3.3-70B,,,0.2703839838504791,0.20869565217391306,0.3454857558996411,,,False
abierta_012,abierta,Llama3.3-70B,,,0.20572541654109955,0.15668202764976957,0.29799430180065367,,,False
abierta_013,abierta,Llama3.3-70B,,,0.19396035373210907,0.2212581344902386,0.34131509481026506,,,False
abierta_014,abierta,Llama3.3-70B,,,0.10216504335403442,0.12413793103448277,0.24466603402900777,,,False
abierta_015,abierta,Llama3.3-70B,,,0.24880976974964142,0.15419501133786848,0.2601752986862985,,,False
abierta_016,abierta,Llama3.3-70B,,,0.17002443969249725,0.20842572062084258,0.29096481272179137,,,False
abierta_017,abierta,Llama3.3-70B,,,0.10294272750616074,0.16842105263157894,0.2477118535586277,,,False
abierta_018,abierta,Llama3.3-70B,,,0.20376867055892944,0.22873900293255134,0.2558555772768487,,,False
abierta_019,abierta,Llama3.3-70B,,,0.17264054715633392,0.15351812366737738,0.26999545149861154,,,False
abierta_020,abierta,Llama3.3-70B,,,0.2427791804075241,0.16417910447761194,0.17139308297844882,,,False
abierta_021,abierta,Llama3.3-70B,,,0.04691114276647568,0.196969696969697,0.3037353712671509,,,False
abierta_022,abierta,Llama3.3-70B,,,0.22729326784610748,0.17621145374449337,0.3050186184138007,,,False
abierta_023,abierta,Llama3.3-70B,,,0.1578121930360794,0.16091954022988506,0.27936364463687907,,,False
abierta_024,abierta,Llama3.3-70B,,,0.24008680880069733,0.17155756207674944,0.31366647585655844,,,False
abierta_025,abierta,Llama3.3-70B,,,0.17863886058330536,0.20765027322404372,0.35540233663327747,,,False
abierta_026,abierta,Llama3.3-70B,,,0.14687694609165192,0.16445623342175067,0.278585160617656,,,False
abierta_027,abierta,Llama3.3-70B,,,0.15532532334327698,0.1979695431472081,0.31503783331977,,,False
abierta_028,abierta,Llama3.3-70B,,,0.14082419872283936,0.21153846153846154,0.2525782442748092,,,False
abierta_029,abierta,Llama3.3-70B,,,0.21820998191833496,0.24161073825503354,0.2906458578720063,,,False
abierta_030,abierta,Llama3.3-70B,,,0.2235761433839798,0.19718309859154928,0.3149626538739581,,,False
abierta_031,abierta,Llama3.3-70B,,,0.27824142575263977,0.22705314009661834,0.28839706383313934,,,False
abierta_032,abierta,Llama3.3-70B,,,0.1502901315689087,0.13953488372093023,0.08364341425765684,,,False
abierta_033,abierta,Llama3.3-70B,,,0.14058806002140045,0.16143497757847536,0.2382612956771342,,,False
abierta_034,abierta,Llama3.3-70B,,,0.33548906445503235,0.23312883435582818,0.3918671478086553,,,False
abierta_035,abierta,Llama3.3-70B,,,0.28355398774147034,0.16770186335403728,0.28171781933083295,,,False
abierta_036,abierta,Llama3.3-70B,,,0.06987039744853973,0.16,0.2982383006488563,,,False
abierta_037,abierta,Llama3.3-70B,,,0.18271058797836304,0.2074468085106383,0.2736832717130441,,,False
abierta_038,abierta,Llama3.3-70B,,,0.1682642251253128,0.18591549295774648,0.32747399991363696,,,False
abierta_039,abierta,Llama3.3-70B,,,0.08132778108119965,0.15172413793103448,0.24413660956571398,,,False
abierta_040,abierta,Llama3.3-70B,,,0.14269831776618958,0.17034700315457416,0.24246912442886176,,,False
abierta_041,abierta,Llama3.3-70B,,,0.039293911308050156,0.19047619047619047,0.2952541205118352,,,False
abierta_042,abierta,Llama3.3-70B,,,0.1542544662952423,0.13656387665198239,0.29999063933352055,,,False
abierta_043,abierta,Llama3.3-70B,,,0.3404363989830017,0.3026315789473684,0.32441993475589953,,,False
abierta_044,abierta,Llama3.3-70B,,,0.1766963005065918,0.19636363636363638,0.36773253234422426,,,False
abierta_045,abierta,Llama3.3-70B,,,0.2232564091682434,0.196078431372549,0.32340148453282447,,,False
abierta_046,abierta,Llama3.3-70B,,,0.15940991044044495,0.14,0.11169305458362488,,,False
abierta_047,abierta,Llama3.3-70B,,,0.2901754677295685,0.2887323943661972,0.2939707608473392,,,False
abierta_048,abierta,Llama3.3-70B,,,0.29932230710983276,0.2207505518763797,0.33482626145275,,,False
abierta_049,abierta,Llama3.3-70B,,,0.20635886490345,0.20876826722338204,0.2841856150614548,,,False
abierta_050,abierta,Llama3.3-70B,,,0.3127533793449402,0.2915601023017903,0.35101556471884593,,,False
abierta_051,abierta,Llama3.3-70B,,,0.25573211908340454,0.22929936305732482,0.34062606136080603,,,False
abierta_052,abierta,Llama3.3-70B,,,0.23260924220085144,0.18960244648318042,0.2754154413067356,,,False
abierta_053,abierta,Llama3.3-70B,,,0.04472005367279053,0.17751479289940827,0.19565168475216718,,,False
abierta_054,abierta,Llama3.3-70B,,,0.20859721302986145,0.23500000000000001,0.37839506259291056,,,False
abierta_055,abierta,Llama3.3-70B,,,0.14507795870304108,0.19724770642201836,0.30237885636711354,,,False
abierta_056,abierta,Llama3.3-70B,,,0.24004997313022614,0.2422680412371134,0.3212605609724953,,,False
abierta_057,abierta,Llama3.3-70B,,,0.1268564760684967,0.2294372294372294,0.35103494898639936,,,False
abierta_058,abierta,Llama3.3-70B,,,0.18683414161205292,0.14942528735632182,0.11864510638297875,,,False
abierta_059,abierta,Llama3.3-70B,,,0.22816675901412964,0.15789473684210528,0.26731643963043544,,,False
abierta_060,abierta,Llama3.3-70B,,,0.2666557729244232,0.29333333333333333,0.35016650872736127,,,False
abierta_061,abierta,Llama3.3-70B,,,0.12944650650024414,0.23048327137546465,0.21205357142857142,,,False
abierta_062,abierta,Llama3.3-70B,,,0.16774941980838776,0.24512534818941503,0.2839983572182408,,,False
abierta_063,abierta,Llama3.3-70B,,,0.1435617208480835,0.24375000000000002,0.28989669072048707,,,False
abierta_064,abierta,Llama3.3-70B,,,0.14776772260665894,0.20151133501259447,0.2734751101452893,,,False
abierta_065,abierta,Llama3.3-70B,,,0.14331449568271637,0.18534482758620693,0.29267503695888125,,,False
abierta_066,abierta,Llama3.3-70B,,,0.29629307985305786,0.325068870523416,0.34276054089113994,,,False
abierta_067,abierta,Llama3.3-70B,,,0.27519604563713074,0.2959641255605382,0.2824140357688854,,,False
abierta_068,abierta,Llama3.3-70B,,,0.15182560682296753,0.18673218673218672,0.25616698292220114,,,False
abierta_069,abierta,Llama3.3-70B,,,0.2340710461139679,0.24068767908309455,0.2887859222421491,,,False
abierta_070,abierta,Llama3.3-70B,,,0.09801167249679565,0.20307692307692307,0.26851110823867275,,,False
abierta_071,abierta,Llama3.3-70B,,,0.1843976229429245,0.2,0.3300811030534446,,,False
abierta_072,abierta,Llama3.3-70B,,,0.23672154545783997,0.2456140350877193,0.2979241044655668,,,False
abierta_073,abierta,Llama3.3-70B,,,0.14914479851722717,0.22105263157894736,0.2710855636122314,,,False
abierta_074,abierta,Llama3.3-70B,,,0.32595664262771606,0.28873239436619713,0.43141465082153646,,,False
abierta_075,abierta,Llama3.3-70B,,,0.21092438697814941,0.21671826625386995,0.2763201108064885,,,False
abierta_076,abierta,Llama3.3-70B,,,0.13273665308952332,0.17889908256880735,0.28255805847673676,,,False
abierta_077,abierta,Llama3.3-70B,,,0.2665809690952301,0.2368421052631579,0.23215140134048848,,,False
abierta_078,abierta,Llama3.3-70B,,,0.2290169596672058,0.172,0.27689005730015526,,,False
abierta_079,abierta,Llama3.3-70B,,,0.1995765119791031,0.20689655172413796,0.3399529844644317,,,False
abierta_080,abierta,Llama3.3-70B,,,0.1464574784040451,0.18567639257294427,0.26195152158527957,,,False
abierta_081,abierta,Llama3.3-70B,,,0.2354409545660019,0.21220159151193635,0.29169541724450243,,,False
abierta_082,abierta,Llama3.3-70B,,,0.20034098625183105,0.16017316017316016,0.3030751964085297,,,False
abierta_083,abierta,Llama3.3-70B,,,0.11620203405618668,0.19870410367170624,0.2899988831327268,,,False
abierta_084,abierta,Llama3.3-70B,,,0.15706954896450043,0.1836228287841191,0.3054378158477015,,,False
abierta_085,abierta,Llama3.3-70B,,,0.2298557460308075,0.26566416040100255,0.30930580903908145,,,False
abierta_086,abierta,Llama3.3-70B,,,0.2419905811548233,0.24166666666666667,0.2584916003536693,,,False
abierta_087,abierta,Llama3.3-70B,,,0.14138855040073395,0.20408163265306123,0.15075570605682811,,,False
abierta_088,abierta,Llama3.3-70B,,,0.2749214470386505,0.2626865671641791,0.3834309324273905,,,False
abierta_089,abierta,Llama3.3-70B,,,0.23096489906311035,0.1643835616438356,0.30114264344693953,,,False
abierta_090,abierta,Llama3.3-70B,,,0.24393917620182037,0.16149068322981364,0.12419111383438196,,,False
abierta_091,abierta,Llama3.3-70B,,,0.17139367759227753,0.1450777202072539,0.13314967860422405,,,False
abierta_092,abierta,Llama3.3-70B,,,0.14542947709560394,0.18336886993603413,0.295197192801171,,,False
abierta_093,abierta,Llama3.3-70B,,,0.25446635484695435,0.18543046357615892,0.3007493386243386,,,False
abierta_094,abierta,Llama3.3-70B,,,0.2228732705116272,0.22714681440443213,0.2870017293204372,,,False
abierta_095,abierta,Llama3.3-70B,,,0.22914913296699524,0.20930232558139536,0.3422476044040526,,,False
abierta_096,abierta,Llama3.3-70B,,,0.2486676573753357,0.2270531400966184,0.33518950591216207,,,False
abierta_097,abierta,Llama3.3-70B,,,0.15097801387310028,0.1851851851851852,0.2708225903347121,,,False
abierta_098,abierta,Llama3.3-70B,,,0.2113407701253891,0.21468926553672318,0.27571026999182907,,,False
abierta_099,abierta,Llama3.3-70B,,,0.24437496066093445,0.2461538461538462,0.15391952826916405,,,False
abierta_100,abierta,Llama3.3-70B,,,0.26126760244369507,0.2226640159045726,0.31810581916023795,,,False
sino_001,sino,DeepSeek-R1-Distill-Qwen-32B,1.0,,,,,no,no,False
sino_002,sino,DeepSeek-R1-Distill-Qwen-32B,1.0,,,,,sí,sí,False
sino_003,sino,DeepSeek-R1-Distill-Qwen-32B,1.0,,,,,no,no,False
sino_004,sino,DeepSeek-R1-Distill-Qwen-32B,1.0,,,,,no,no,False
sino_005,sino,DeepSeek-R1-Distill-Qwen-32B,1.0,,,,,sí,sí,False
sino_006,sino,DeepSeek-R1-Distill-Qwen-32B,1.0,,,,,sí,sí,False
sino_007,sino,DeepSeek-R1-Distill-Qwen-32B,0.0,,,,,sí,no,False
sino_008,sino,DeepSeek-R1-Distill-Qwen-32B,1.0,,,,,sí,sí,False
sino_009,sino,DeepSeek-R1-Distill-Qwen-32B,1.0,,,,,no,no,False
sino_010,sino,DeepSeek-R1-Distill-Qwen-32B,0.0,,,,,,no,False
sino_011,sino,DeepSeek-R1-Distill-Qwen-32B,1.0,,,,,no,no,False
sino_012,sino,DeepSeek-R1-Distill-Qwen-32B,1.0,,,,,sí,sí,False
sino_013,sino,DeepSeek-R1-Distill-Qwen-32B,0.0,,,,,sí,no,False
sino_014,sino,DeepSeek-R1-Distill-Qwen-32B,0.0,,,,,sí,no,False
sino_015,sino,DeepSeek-R1-Distill-Qwen-32B,1.0,,,,,no,no,False
sino_016,sino,DeepSeek-R1-Distill-Qwen-32B,1.0,,,,,no,no,False
sino_017,sino,DeepSeek-R1-Distill-Qwen-32B,0.0,,,,,sí,no,False
sino_018,sino,DeepSeek-R1-Distill-Qwen-32B,1.0,,,,,sí,sí,False
sino_019,sino,DeepSeek-R1-Distill-Qwen-32B,1.0,,,,,no,no,False
sino_020,sino,DeepSeek-R1-Distill-Qwen-32B,1.0,,,,,sí,sí,False
sino_021,sino,DeepSeek-R1-Distill-Qwen-32B,1.0,,,,,no,no,False
sino_022,sino,DeepSeek-R1-Distill-Qwen-32B,1.0,,,,,no,no,False
sino_024,sino,DeepSeek-R1-Distill-Qwen-32B,1.0,,,,,no,no,False
sino_025,sino,DeepSeek-R1-Distill-Qwen-32B,1.0,,,,,no,no,False
sino_026,sino,DeepSeek-R1-Distill-Qwen-32B,1.0,,,,,sí,sí,False
sino_027,sino,DeepSeek-R1-Distill-Qwen-32B,1.0,,,,,sí,sí,False
sino_028,sino,DeepSeek-R1-Distill-Qwen-32B,0.0,,,,,sí,no,False
sino_029,sino,DeepSeek-R1-Distill-Qwen-32B,0.0,,,,,no,sí,False
sino_030,sino,DeepSeek-R1-Distill-Qwen-32B,1.0,,,,,sí,sí,False
sino_031,sino,DeepSeek-R1-Distill-Qwen-32B,1.0,,,,,sí,sí,False
sino_032,sino,DeepSeek-R1-Distill-Qwen-32B,1.0,,,,,no,no,False
sino_033,sino,DeepSeek-R1-Distill-Qwen-32B,1.0,,,,,sí,sí,False
sino_034,sino,DeepSeek-R1-Distill-Qwen-32B,1.0,,,,,sí,sí,False
sino_035,sino,DeepSeek-R1-Distill-Qwen-32B,1.0,,,,,no,no,False
sino_036,sino,DeepSeek-R1-Distill-Qwen-32B,1.0,,,,,sí,sí,False
sino_037,sino,DeepSeek-R1-Distill-Qwen-32B,1.0,,,,,no,no,False
sino_038,sino,DeepSeek-R1-Distill-Qwen-32B,0.0,,,,,sí,no,False
sino_039,sino,DeepSeek-R1-Distill-Qwen-32B,0.0,,,,,no,sí,False
sino_040,sino,DeepSeek-R1-Distill-Qwen-32B,1.0,,,,,sí,sí,False
sino_041,sino,DeepSeek-R1-Distill-Qwen-32B,1.0,,,,,sí,sí,False
sino_042,sino,DeepSeek-R1-Distill-Qwen-32B,1.0,,,,,no,no,False
sino_043,sino,DeepSeek-R1-Distill-Qwen-32B,1.0,,,,,sí,sí,False
sino_044,sino,DeepSeek-R1-Distill-Qwen-32B,1.0,,,,,sí,sí,False
sino_045,sino,DeepSeek-R1-Distill-Qwen-32B,1.0,,,,,no,no,False
sino_046,sino,DeepSeek-R1-Distill-Qwen-32B,1.0,,,,,no,no,False
sino_047,sino,DeepSeek-R1-Distill-Qwen-32B,1.0,,,,,no,no,False
sino_048,sino,DeepSeek-R1-Distill-Qwen-32B,1.0,,,,,no,no,False
sino_049,sino,DeepSeek-R1-Distill-Qwen-32B,1.0,,,,,sí,sí,False
sino_050,sino,DeepSeek-R1-Distill-Qwen-32B,1.0,,,,,sí,sí,False
sino_051,sino,DeepSeek-R1-Distill-Qwen-32B,1.0,,,,,sí,sí,False
sino_052,sino,DeepSeek-R1-Distill-Qwen-32B,0.0,,,,,no,sí,False
sino_053,sino,DeepSeek-R1-Distill-Qwen-32B,0.0,,,,,sí,no,False
sino_054,sino,DeepSeek-R1-Distill-Qwen-32B,0.0,,,,,,no,False
sino_055,sino,DeepSeek-R1-Distill-Qwen-32B,1.0,,,,,no,no,False
sino_056,sino,DeepSeek-R1-Distill-Qwen-32B,0.0,,,,,,no,False
sino_057,sino,DeepSeek-R1-Distill-Qwen-32B,0.0,,,,,sí,no,False
sino_058,sino,DeepSeek-R1-Distill-Qwen-32B,1.0,,,,,sí,sí,False
sino_059,sino,DeepSeek-R1-Distill-Qwen-32B,1.0,,,,,sí,sí,False
sino_060,sino,DeepSeek-R1-Distill-Qwen-32B,0.0,,,,,no,sí,False
sino_061,sino,DeepSeek-R1-Distill-Qwen-32B,1.0,,,,,sí,sí,False
sino_062,sino,DeepSeek-R1-Distill-Qwen-32B,1.0,,,,,sí,sí,False
sino_063,sino,DeepSeek-R1-Distill-Qwen-32B,1.0,,,,,sí,sí,False
sino_064,sino,DeepSeek-R1-Distill-Qwen-32B,0.0,,,,,no,sí,False
sino_065,sino,DeepSeek-R1-Distill-Qwen-32B,1.0,,,,,sí,sí,False
sino_066,sino,DeepSeek-R1-Distill-Qwen-32B,1.0,,,,,sí,sí,False
sino_067,sino,DeepSeek-R1-Distill-Qwen-32B,1.0,,,,,sí,sí,False
sino_068,sino,DeepSeek-R1-Distill-Qwen-32B,1.0,,,,,no,no,False
sino_069,sino,DeepSeek-R1-Distill-Qwen-32B,1.0,,,,,sí,sí,False
sino_070,sino,DeepSeek-R1-Distill-Qwen-32B,1.0,,,,,no,no,False
sino_071,sino,DeepSeek-R1-Distill-Qwen-32B,1.0,,,,,no,no,False
sino_072,sino,DeepSeek-R1-Distill-Qwen-32B,0.0,,,,,sí,no,False
sino_073,sino,DeepSeek-R1-Distill-Qwen-32B,1.0,,,,,sí,sí,False
sino_074,sino,DeepSeek-R1-Distill-Qwen-32B,1.0,,,,,sí,sí,False
sino_075,sino,DeepSeek-R1-Distill-Qwen-32B,1.0,,,,,no,no,False
sino_076,sino,DeepSeek-R1-Distill-Qwen-32B,0.0,,,,,,no,False
sino_077,sino,DeepSeek-R1-Distill-Qwen-32B,0.0,,,,,,no,False
sino_078,sino,DeepSeek-R1-Distill-Qwen-32B,0.0,,,,,,sí,False
sino_079,sino,DeepSeek-R1-Distill-Qwen-32B,0.0,,,,,sí,no,False
sino_080,sino,DeepSeek-R1-Distill-Qwen-32B,0.0,,,,,sí,no,False
sino_081,sino,DeepSeek-R1-Distill-Qwen-32B,1.0,,,,,sí,sí,False
sino_082,sino,DeepSeek-R1-Distill-Qwen-32B,0.0,,,,,sí,no,False
sino_083,sino,DeepSeek-R1-Distill-Qwen-32B,1.0,,,,,no,no,False
sino_084,sino,DeepSeek-R1-Distill-Qwen-32B,1.0,,,,,sí,sí,False
sino_085,sino,DeepSeek-R1-Distill-Qwen-32B,0.0,,,,,sí,no,False
sino_086,sino,DeepSeek-R1-Distill-Qwen-32B,1.0,,,,,no,no,False
sino_087,sino,DeepSeek-R1-Distill-Qwen-32B,0.0,,,,,,no,False
sino_088,sino,DeepSeek-R1-Distill-Qwen-32B,0.0,,,,,,no,False
sino_089,sino,DeepSeek-R1-Distill-Qwen-32B,1.0,,,,,sí,sí,False
sino_090,sino,DeepSeek-R1-Distill-Qwen-32B,0.0,,,,,sí,no,False
sino_091,sino,DeepSeek-R1-Distill-Qwen-32B,1.0,,,,,sí,sí,False
sino_092,sino,DeepSeek-R1-Distill-Qwen-32B,1.0,,,,,no,no,False
sino_093,sino,DeepSeek-R1-Distill-Qwen-32B,0.0,,,,,sí,no,False
sino_094,sino,DeepSeek-R1-Distill-Qwen-32B,0.0,,,,,sí,no,False
sino_095,sino,DeepSeek-R1-Distill-Qwen-32B,1.0,,,,,sí,sí,False
sino_096,sino,DeepSeek-R1-Distill-Qwen-32B,0.0,,,,,,no,False
sino_097,sino,DeepSeek-R1-Distill-Qwen-32B,1.0,,,,,sí,sí,False
sino_098,sino,DeepSeek-R1-Distill-Qwen-32B,1.0,,,,,sí,sí,False
sino_099,sino,DeepSeek-R1-Distill-Qwen-32B,1.0,,,,,sí,sí,False
sino_100,sino,DeepSeek-R1-Distill-Qwen-32B,1.0,,,,,sí,sí,False
corta_001,corta,DeepSeek-R1-Distill-Qwen-32B,,0.16,,,,,,False
corta_002,corta,DeepSeek-R1-Distill-Qwen-32B,,0.2181818181818182,,,,,,False
corta_003,corta,DeepSeek-R1-Distill-Qwen-32B,,0.14285714285714285,,,,,,False
corta_004,corta,DeepSeek-R1-Distill-Qwen-32B,,0.1559633027522936,,,,,,False
corta_005,corta,DeepSeek-R1-Distill-Qwen-32B,,0.33057851239669417,,,,,,False
corta_006,corta,DeepSeek-R1-Distill-Qwen-32B,,0.7727272727272727,,,,,,False
corta_007,corta,DeepSeek-R1-Distill-Qwen-32B,,0.20338983050847456,,,,,,False
corta_008,corta,DeepSeek-R1-Distill-Qwen-32B,,0.2105263157894737,,,,,,False
corta_009,corta,DeepSeek-R1-Distill-Qwen-32B,,0.3236994219653179,,,,,,False
corta_010,corta,DeepSeek-R1-Distill-Qwen-32B,,0.2222222222222222,,,,,,False
corta_011,corta,DeepSeek-R1-Distill-Qwen-32B,,0.32432432432432434,,,,,,False
corta_012,corta,DeepSeek-R1-Distill-Qwen-32B,,0.3137254901960784,,,,,,False
corta_013,corta,DeepSeek-R1-Distill-Qwen-32B,,0.29411764705882354,,,,,,False
corta_014,corta,DeepSeek-R1-Distill-Qwen-32B,,0.056140350877192984,,,,,,False
corta_015,corta,DeepSeek-R1-Distill-Qwen-32B,,0.6885245901639343,,,,,,False
corta_016,corta,DeepSeek-R1-Distill-Qwen-32B,,0.36619718309859156,,,,,,False
corta_017,corta,DeepSeek-R1-Distill-Qwen-32B,,0.4067796610169492,,,,,,False
corta_018,corta,DeepSeek-R1-Distill-Qwen-32B,,0.18181818181818182,,,,,,False
corta_019,corta,DeepSeek-R1-Distill-Qwen-32B,,0.1935483870967742,,,,,,False
corta_020,corta,DeepSeek-R1-Distill-Qwen-32B,,0.40540540540540543,,,,,,False
corta_021,corta,DeepSeek-R1-Distill-Qwen-32B,,0.42424242424242425,,,,,,False
corta_022,corta,DeepSeek-R1-Distill-Qwen-32B,,0.4761904761904762,,,,,,False
corta_023,corta,DeepSeek-R1-Distill-Qwen-32B,,0.6086956521739131,,,,,,False
corta_024,corta,DeepSeek-R1-Distill-Qwen-32B,,0.409090909090909,,,,,,False
corta_025,corta,DeepSeek-R1-Distill-Qwen-32B,,0.41025641025641024,,,,,,False
corta_026,corta,DeepSeek-R1-Distill-Qwen-32B,,0.3773584905660377,,,,,,False
corta_027,corta,DeepSeek-R1-Distill-Qwen-32B,,0.3736263736263737,,,,,,False
corta_028,corta,DeepSeek-R1-Distill-Qwen-32B,,0.6666666666666666,,,,,,False
corta_029,corta,DeepSeek-R1-Distill-Qwen-32B,,0.0625,,,,,,False
corta_030,corta,DeepSeek-R1-Distill-Qwen-32B,,0.1764705882352941,,,,,,False
corta_031,corta,DeepSeek-R1-Distill-Qwen-32B,,0.64,,,,,,False
corta_032,corta,DeepSeek-R1-Distill-Qwen-32B,,0.4444444444444445,,,,,,False
corta_033,corta,DeepSeek-R1-Distill-Qwen-32B,,0.125,,,,,,False
corta_034,corta,DeepSeek-R1-Distill-Qwen-32B,,0.24528301886792456,,,,,,False
corta_035,corta,DeepSeek-R1-Distill-Qwen-32B,,0.2318840579710145,,,,,,False
corta_036,corta,DeepSeek-R1-Distill-Qwen-32B,,0.7368421052631577,,,,,,False
corta_037,corta,DeepSeek-R1-Distill-Qwen-32B,,0.28169014084507044,,,,,,False
corta_038,corta,DeepSeek-R1-Distill-Qwen-32B,,0.6222222222222223,,,,,,False
corta_039,corta,DeepSeek-R1-Distill-Qwen-32B,,0.523076923076923,,,,,,False
corta_040,corta,DeepSeek-R1-Distill-Qwen-32B,,0.14634146341463414,,,,,,False
corta_041,corta,DeepSeek-R1-Distill-Qwen-32B,,0.29906542056074764,,,,,,False
corta_042,corta,DeepSeek-R1-Distill-Qwen-32B,,0.2711864406779661,,,,,,False
corta_043,corta,DeepSeek-R1-Distill-Qwen-32B,,0.6363636363636364,,,,,,False
corta_044,corta,DeepSeek-R1-Distill-Qwen-32B,,0.2469135802469136,,,,,,False
corta_045,corta,DeepSeek-R1-Distill-Qwen-32B,,0.7142857142857143,,,,,,False
corta_046,corta,DeepSeek-R1-Distill-Qwen-32B,,0.16666666666666666,,,,,,False
corta_047,corta,DeepSeek-R1-Distill-Qwen-32B,,0.4090909090909091,,,,,,False
corta_048,corta,DeepSeek-R1-Distill-Qwen-32B,,0.35514018691588783,,,,,,False
corta_049,corta,DeepSeek-R1-Distill-Qwen-32B,,0.45714285714285713,,,,,,False
corta_050,corta,DeepSeek-R1-Distill-Qwen-32B,,0.6285714285714286,,,,,,False
corta_051,corta,DeepSeek-R1-Distill-Qwen-32B,,0.6896551724137931,,,,,,False
corta_052,corta,DeepSeek-R1-Distill-Qwen-32B,,0.42424242424242425,,,,,,False
corta_053,corta,DeepSeek-R1-Distill-Qwen-32B,,0.4615384615384615,,,,,,False
corta_054,corta,DeepSeek-R1-Distill-Qwen-32B,,0.20689655172413793,,,,,,False
corta_055,corta,DeepSeek-R1-Distill-Qwen-32B,,0.5555555555555556,,,,,,False
corta_056,corta,DeepSeek-R1-Distill-Qwen-32B,,0.33333333333333337,,,,,,False
corta_057,corta,DeepSeek-R1-Distill-Qwen-32B,,0.4000000000000001,,,,,,False
corta_058,corta,DeepSeek-R1-Distill-Qwen-32B,,0.32727272727272727,,,,,,False
corta_059,corta,DeepSeek-R1-Distill-Qwen-32B,,0.14285714285714285,,,,,,False
corta_060,corta,DeepSeek-R1-Distill-Qwen-32B,,0.5714285714285715,,,,,,False
corta_061,corta,DeepSeek-R1-Distill-Qwen-32B,,0.36842105263157887,,,,,,False
corta_062,corta,DeepSeek-R1-Distill-Qwen-32B,,0.14084507042253522,,,,,,False
corta_063,corta,DeepSeek-R1-Distill-Qwen-32B,,0.059523809523809534,,,,,,False
corta_064,corta,DeepSeek-R1-Distill-Qwen-32B,,0.5,,,,,,False
corta_065,corta,DeepSeek-R1-Distill-Qwen-32B,,0.22222222222222224,,,,,,False
corta_066,corta,DeepSeek-R1-Distill-Qwen-32B,,0.30985915492957744,,,,,,False
corta_067,corta,DeepSeek-R1-Distill-Qwen-32B,,0.16184971098265896,,,,,,False
corta_068,corta,DeepSeek-R1-Distill-Qwen-32B,,0.39999999999999997,,,,,,False
corta_069,corta,DeepSeek-R1-Distill-Qwen-32B,,0.4594594594594595,,,,,,False
corta_070,corta,DeepSeek-R1-Distill-Qwen-32B,,0.5172413793103449,,,,,,False
corta_071,corta,DeepSeek-R1-Distill-Qwen-32B,,0.25641025641025644,,,,,,False
corta_072,corta,DeepSeek-R1-Distill-Qwen-32B,,0.3636363636363636,,,,,,False
corta_073,corta,DeepSeek-R1-Distill-Qwen-32B,,0.23913043478260868,,,,,,False
corta_074,corta,DeepSeek-R1-Distill-Qwen-32B,,0.3466666666666666,,,,,,False
corta_075,corta,DeepSeek-R1-Distill-Qwen-32B,,0.4324324324324324,,,,,,False
corta_076,corta,DeepSeek-R1-Distill-Qwen-32B,,0.19753086419753088,,,,,,False
corta_077,corta,DeepSeek-R1-Distill-Qwen-32B,,0.27692307692307694,,,,,,False
corta_078,corta,DeepSeek-R1-Distill-Qwen-32B,,0.3404255319148936,,,,,,False
corta_079,corta,DeepSeek-R1-Distill-Qwen-32B,,0.26666666666666666,,,,,,False
corta_080,corta,DeepSeek-R1-Distill-Qwen-32B,,0.5882352941176471,,,,,,False
corta_081,corta,DeepSeek-R1-Distill-Qwen-32B,,0.4745762711864407,,,,,,False
corta_082,corta,DeepSeek-R1-Distill-Qwen-32B,,0.3225806451612903,,,,,,False
corta_083,corta,DeepSeek-R1-Distill-Qwen-32B,,0.08955223880597014,,,,,,False
corta_084,corta,DeepSeek-R1-Distill-Qwen-32B,,0.3255813953488372,,,,,,False
corta_085,corta,DeepSeek-R1-Distill-Qwen-32B,,0.2727272727272727,,,,,,False
corta_086,corta,DeepSeek-R1-Distill-Qwen-32B,,0.5217391304347826,,,,,,False
corta_087,corta,DeepSeek-R1-Distill-Qwen-32B,,0.07380073800738007,,,,,,False
corta_088,corta,DeepSeek-R1-Distill-Qwen-32B,,0.21487603305785125,,,,,,False
corta_089,corta,DeepSeek-R1-Distill-Qwen-32B,,0.09090909090909091,,,,,,False
corta_090,corta,DeepSeek-R1-Distill-Qwen-32B,,0.4878048780487805,,,,,,False
corta_091,corta,DeepSeek-R1-Distill-Qwen-32B,,0.08695652173913045,,,,,,False
corta_092,corta,DeepSeek-R1-Distill-Qwen-32B,,0.15135135135135136,,,,,,False
corta_093,corta,DeepSeek-R1-Distill-Qwen-32B,,0.18181818181818185,,,,,,False
corta_094,corta,DeepSeek-R1-Distill-Qwen-32B,,0.12307692307692307,,,,,,False
corta_095,corta,DeepSeek-R1-Distill-Qwen-32B,,0.5405405405405405,,,,,,False
corta_096,corta,DeepSeek-R1-Distill-Qwen-32B,,0.24,,,,,,False
corta_097,corta,DeepSeek-R1-Distill-Qwen-32B,,0.2708333333333333,,,,,,False
corta_098,corta,DeepSeek-R1-Distill-Qwen-32B,,0.2828282828282828,,,,,,False
corta_099,corta,DeepSeek-R1-Distill-Qwen-32B,,0.125,,,,,,False
corta_100,corta,DeepSeek-R1-Distill-Qwen-32B,,0.23931623931623933,,,,,,False
abierta_001,abierta,DeepSeek-R1-Distill-Qwen-32B,,,0.14092345535755157,0.24242424242424238,0.2574263579430674,,,False
abierta_002,abierta,DeepSeek-R1-Distill-Qwen-32B,,,0.11313466727733612,0.19121447028423774,0.3042358431647362,,,False
abierta_003,abierta,DeepSeek-R1-Distill-Qwen-32B,,,0.19663578271865845,0.14942528735632185,0.2857536433311415,,,False
abierta_004,abierta,DeepSeek-R1-Distill-Qwen-32B,,,0.20711128413677216,0.17177914110429446,0.25805105554118396,,,False
abierta_005,abierta,DeepSeek-R1-Distill-Qwen-32B,,,0.16601219773292542,0.15677966101694915,0.24779775926457911,,,False
abierta_006,abierta,DeepSeek-R1-Distill-Qwen-32B,,,0.2723366320133209,0.2464183381088825,0.29532849541024486,,,False
abierta_007,abierta,DeepSeek-R1-Distill-Qwen-32B,,,0.19004295766353607,0.1347708894878706,0.3013564406070424,,,False
abierta_008,abierta,DeepSeek-R1-Distill-Qwen-32B,,,0.23665928840637207,0.2038834951456311,0.2524624709617578,,,False
abierta_009,abierta,DeepSeek-R1-Distill-Qwen-32B,,,0.30223387479782104,0.25263157894736843,0.2750428403227742,,,False
abierta_010,abierta,DeepSeek-R1-Distill-Qwen-32B,,,0.23527424037456512,0.1818181818181818,0.18440545808966863,,,False
abierta_011,abierta,DeepSeek-R1-Distill-Qwen-32B,,,0.1958080679178238,0.2078853046594982,0.31508126831867844,,,False
abierta_012,abierta,DeepSeek-R1-Distill-Qwen-32B,,,0.15113772451877594,0.13133208255159476,0.26326125690151997,,,False
abierta_013,abierta,DeepSeek-R1-Distill-Qwen-32B,,,0.25403350591659546,0.2678571428571429,0.38544674634381365,,,False
abierta_014,abierta,DeepSeek-R1-Distill-Qwen-32B,,,0.12644807994365692,0.1457858769931663,0.2617767580259125,,,False
abierta_015,abierta,DeepSeek-R1-Distill-Qwen-32B,,,0.126480832695961,0.17224880382775118,0.22873891130987142,,,False
abierta_016,abierta,DeepSeek-R1-Distill-Qwen-32B,,,0.37790265679359436,0.2608695652173913,0.3605546176343817,,,False
abierta_017,abierta,DeepSeek-R1-Distill-Qwen-32B,,,0.11569129675626755,0.14857142857142858,0.26353510154061627,,,False
abierta_018,abierta,DeepSeek-R1-Distill-Qwen-32B,,,0.05139387026429176,0.24054982817869414,0.21206467122305486,,,False
abierta_019,abierta,DeepSeek-R1-Distill-Qwen-32B,,,0.1803392618894577,0.1627906976744186,0.3215008431703204,,,False
abierta_020,abierta,DeepSeek-R1-Distill-Qwen-32B,,,0.3146503269672394,0.208955223880597,0.28416653968197064,,,False
abierta_021,abierta,DeepSeek-R1-Distill-Qwen-32B,,,0.11348015815019608,0.24691358024691357,0.3287949433197846,,,False
abierta_022,abierta,DeepSeek-R1-Distill-Qwen-32B,,,0.1933782398700714,0.2078853046594982,0.3043600887145367,,,False
abierta_023,abierta,DeepSeek-R1-Distill-Qwen-32B,,,0.18498055636882782,0.14553990610328638,0.2341824157764996,,,False
abierta_024,abierta,DeepSeek-R1-Distill-Qwen-32B,,,0.2195606529712677,0.16387337057728119,0.30718258691373584,,,False
abierta_025,abierta,DeepSeek-R1-Distill-Qwen-32B,,,0.2115061730146408,0.24,0.3406866882073046,,,False
abierta_026,abierta,DeepSeek-R1-Distill-Qwen-32B,,,0.1305960714817047,0.14314115308151093,0.24856500285321068,,,False
abierta_027,abierta,DeepSeek-R1-Distill-Qwen-32B,,,0.11722644418478012,0.15180265654648956,0.23431594860166294,,,False
abierta_028,abierta,DeepSeek-R1-Distill-Qwen-32B,,,0.06011292338371277,0.16666666666666669,0.2618238346474953,,,False
abierta_029,abierta,DeepSeek-R1-Distill-Qwen-32B,,,0.2666616439819336,0.2672811059907834,0.3282872177362009,,,False
abierta_030,abierta,DeepSeek-R1-Distill-Qwen-32B,,,0.2957419455051422,0.22775800711743774,0.30890044168026176,,,False
abierta_031,abierta,DeepSeek-R1-Distill-Qwen-32B,,,0.3996371924877167,0.41081081081081083,0.35213747869067386,,,False
abierta_032,abierta,DeepSeek-R1-Distill-Qwen-32B,,,0.20777912437915802,0.248995983935743,0.30592013536445395,,,False
abierta_033,abierta,DeepSeek-R1-Distill-Qwen-32B,,,0.15604937076568604,0.17155756207674944,0.2463681340304717,,,False
abierta_034,abierta,DeepSeek-R1-Distill-Qwen-32B,,,0.30270323157310486,0.18255578093306288,0.39864070553131564,,,False
abierta_035,abierta,DeepSeek-R1-Distill-Qwen-32B,,,0.2737715542316437,0.15053763440860213,0.21977306741328984,,,False
abierta_036,abierta,DeepSeek-R1-Distill-Qwen-32B,,,0.05748182535171509,0.1518987341772152,0.28583531054425165,,,False
abierta_037,abierta,DeepSeek-R1-Distill-Qwen-32B,,,0.1588468700647354,0.19098143236074266,0.27031983715915275,,,False
abierta_038,abierta,DeepSeek-R1-Distill-Qwen-32B,,,0.23198425769805908,0.19852941176470587,0.2890231722941277,,,False
abierta_039,abierta,DeepSeek-R1-Distill-Qwen-32B,,,0.0808907076716423,0.13725490196078433,0.24779769526559448,,,False
abierta_040,abierta,DeepSeek-R1-Distill-Qwen-32B,,,0.2557653486728668,0.1981981981981982,0.21406727828746175,,,False
abierta_041,abierta,DeepSeek-R1-Distill-Qwen-32B,,,0.05688422545790672,0.18787878787878787,0.2767452931876977,,,False
abierta_042,abierta,DeepSeek-R1-Distill-Qwen-32B,,,0.09851051867008209,0.1341991341991342,0.30422645513338725,,,False
abierta_043,abierta,DeepSeek-R1-Distill-Qwen-32B,,,0.3127012550830841,0.2773722627737226,0.2131206632423178,,,False
abierta_044,abierta,DeepSeek-R1-Distill-Qwen-32B,,,0.15974432229995728,0.18099547511312214,0.252158436418709,,,False
abierta_045,abierta,DeepSeek-R1-Distill-Qwen-32B,,,0.25717517733573914,0.1990521327014218,0.26370729704063034,,,False
abierta_046,abierta,DeepSeek-R1-Distill-Qwen-32B,,,0.1811203509569168,0.1576354679802956,0.11888629122356933,,,False
abierta_047,abierta,DeepSeek-R1-Distill-Qwen-32B,,,0.24197201430797577,0.2077922077922078,0.1823949246629659,,,False
abierta_048,abierta,DeepSeek-R1-Distill-Qwen-32B,,,0.19419926404953003,0.19753086419753085,0.2748119398207427,,,False
abierta_049,abierta,DeepSeek-R1-Distill-Qwen-32B,,,0.4016953110694885,0.27046263345195726,0.2716406210489051,,,False
abierta_050,abierta,DeepSeek-R1-Distill-Qwen-32B,,,0.20653307437896729,0.2924281984334203,0.34585908769508183,,,False
abierta_051,abierta,DeepSeek-R1-Distill-Qwen-32B,,,0.2473241686820984,0.3012345679012346,0.3522069572025987,,,False
abierta_052,abierta,DeepSeek-R1-Distill-Qwen-32B,,,0.26840537786483765,0.18348623853211007,0.21431695314538568,,,False
abierta_053,abierta,DeepSeek-R1-Distill-Qwen-32B,,,0.0819975733757019,0.1262135922330097,0.11217913091162389,,,False
abierta_054,abierta,DeepSeek-R1-Distill-Qwen-32B,,,0.23384469747543335,0.20209059233449475,0.272109996384671,,,False
abierta_055,abierta,DeepSeek-R1-Distill-Qwen-32B,,,0.16200679540634155,0.17391304347826084,0.12618859053547898,,,False
abierta_056,abierta,DeepSeek-R1-Distill-Qwen-32B,,,0.21790947020053864,0.26459143968871596,0.23053631783217168,,,False
abierta_057,abierta,DeepSeek-R1-Distill-Qwen-32B,,,0.15505853295326233,0.20580474934036938,0.3390983213844717,,,False
abierta_058,abierta,DeepSeek-R1-Distill-Qwen-32B,,,0.12436813861131668,0.1595092024539877,0.10468060822940568,,,False
abierta_059,abierta,DeepSeek-R1-Distill-Qwen-32B,,,0.3084450364112854,0.18691588785046728,0.1646253733993441,,,False
abierta_060,abierta,DeepSeek-R1-Distill-Qwen-32B,,,0.2696295976638794,0.29496402877697836,0.27989077469939555,,,False
abierta_061,abierta,DeepSeek-R1-Distill-Qwen-32B,,,0.08169755339622498,0.22085889570552145,0.2938220940550133,,,False
abierta_062,abierta,DeepSeek-R1-Distill-Qwen-32B,,,0.2834855318069458,0.2375,0.29636896040926347,,,False
abierta_063,abierta,DeepSeek-R1-Distill-Qwen-32B,,,0.3582644760608673,0.27433628318584075,0.23173257745027787,,,False
abierta_064,abierta,DeepSeek-R1-Distill-Qwen-32B,,,0.14120489358901978,0.1543859649122807,0.29156355251613264,,,False
abierta_065,abierta,DeepSeek-R1-Distill-Qwen-32B,,,0.239191472530365,0.199288256227758,0.2545004194382456,,,False
abierta_066,abierta,DeepSeek-R1-Distill-Qwen-32B,,,0.2717435956001282,0.2676767676767676,0.3666171433769208,,,False
abierta_067,abierta,DeepSeek-R1-Distill-Qwen-32B,,,0.3019028902053833,0.2782608695652174,0.2771446874210201,,,False
abierta_068,abierta,DeepSeek-R1-Distill-Qwen-32B,,,0.15842705965042114,0.12972972972972974,0.07304601899196494,,,False
abierta_069,abierta,DeepSeek-R1-Distill-Qwen-32B,,,0.3080120384693146,0.22972972972972974,0.26648075510563346,,,False
abierta_070,abierta,DeepSeek-R1-Distill-Qwen-32B,,,0.11471284180879593,0.17927170868347336,0.26818398029871027,,,False
abierta_071,abierta,DeepSeek-R1-Distill-Qwen-32B,,,0.30232855677604675,0.21818181818181817,0.2323028363694828,,,False
abierta_072,abierta,DeepSeek-R1-Distill-Qwen-32B,,,0.28438445925712585,0.2553191489361702,0.30209007269909716,,,False
abierta_073,abierta,DeepSeek-R1-Distill-Qwen-32B,,,0.17649437487125397,0.18279569892473116,0.1332384801940178,,,False
abierta_074,abierta,DeepSeek-R1-Distill-Qwen-32B,,,0.32647374272346497,0.3218390804597701,0.38860378405280377,,,False
abierta_075,abierta,DeepSeek-R1-Distill-Qwen-32B,,,0.2403193563222885,0.19999999999999998,0.1675082909957045,,,False
abierta_076,abierta,DeepSeek-R1-Distill-Qwen-32B,,,0.1972721666097641,0.19104477611940301,0.2949457185711643,,,False
abierta_077,abierta,DeepSeek-R1-Distill-Qwen-32B,,,0.2295350283384323,0.17346938775510204,0.1710353443834997,,,False
abierta_078,abierta,DeepSeek-R1-Distill-Qwen-32B,,,0.2877231538295746,0.23478260869565218,0.2736811409875655,,,False
abierta_079,abierta,DeepSeek-R1-Distill-Qwen-32B,,,0.13884122669696808,0.17543859649122806,0.3442642549016407,,,False
abierta_080,abierta,DeepSeek-R1-Distill-Qwen-32B,,,0.30322226881980896,0.20512820512820512,0.20895963807098755,,,False
abierta_081,abierta,DeepSeek-R1-Distill-Qwen-32B,,,0.17947520315647125,0.26373626373626374,0.2764703694467597,,,False
abierta_082,abierta,DeepSeek-R1-Distill-Qwen-32B,,,0.3007891774177551,0.2052980132450331,0.29680334495603045,,,False
abierta_083,abierta,DeepSeek-R1-Distill-Qwen-32B,,,0.22592319548130035,0.27419354838709675,0.32338613415608847,,,False
abierta_084,abierta,DeepSeek-R1-Distill-Qwen-32B,,,0.1923578977584839,0.19321148825065274,0.30578017919635336,,,False
abierta_085,abierta,DeepSeek-R1-Distill-Qwen-32B,,,0.2432384192943573,0.2655367231638418,0.3854343942967808,,,False
abierta_086,abierta,DeepSeek-R1-Distill-Qwen-32B,,,0.24835379421710968,0.21556886227544908,0.14032986211737733,,,False
abierta_087,abierta,DeepSeek-R1-Distill-Qwen-32B,,,0.12759552896022797,0.15135135135135136,0.12643934277073338,,,False
abierta_088,abierta,DeepSeek-R1-Distill-Qwen-32B,,,0.3162804841995239,0.21305841924398625,0.29780184233182877,,,False
abierta_089,abierta,DeepSeek-R1-Distill-Qwen-32B,,,0.2036503553390503,0.2310756972111554,0.23929737593550918,,,False
abierta_090,abierta,DeepSeek-R1-Distill-Qwen-32B,,,0.20156584680080414,0.1826086956521739,0.19053917863441677,,,False
abierta_091,abierta,DeepSeek-R1-Distill-Qwen-32B,,,0.21051549911499023,0.1566265060240964,0.15519397363465162,,,False
abierta_092,abierta,DeepSeek-R1-Distill-Qwen-32B,,,0.12978336215019226,0.1925925925925926,0.2970422839372867,,,False
abierta_093,abierta,DeepSeek-R1-Distill-Qwen-32B,,,0.3610491156578064,0.23829787234042554,0.33484720356117215,,,False
abierta_094,abierta,DeepSeek-R1-Distill-Qwen-32B,,,0.26199379563331604,0.19626168224299068,0.20004464602802555,,,False
abierta_095,abierta,DeepSeek-R1-Distill-Qwen-32B,,,0.20094022154808044,0.19733333333333333,0.304520960012041,,,False
abierta_096,abierta,DeepSeek-R1-Distill-Qwen-32B,,,0.3748641312122345,0.2894736842105263,0.2953524399690162,,,False
abierta_097,abierta,DeepSeek-R1-Distill-Qwen-32B,,,0.1569075584411621,0.18181818181818182,0.3136430922613631,,,False
abierta_098,abierta,DeepSeek-R1-Distill-Qwen-32B,,,0.19155137240886688,0.1762917933130699,0.2509382675045668,,,False
abierta_099,abierta,DeepSeek-R1-Distill-Qwen-32B,,,0.21882256865501404,0.26126126126126126,0.19995119841376494,,,False
abierta_100,abierta,DeepSeek-R1-Distill-Qwen-32B,,,0.3428284227848053,0.2849315068493151,0.3420858229659801,,,False
